anime_id,anime_title,winner_names,winning_roles,winning_favourites,number_of_winners,winner_type
1,Cowboy Bebop,Spike Spiegel,MAIN,14331,1,Main character
19,Monster,Johan Liebert,MAIN,11347,1,Main character
20,Naruto,Itachi Uchiha,SUPPORTING,21467,1,Supporting character
21,ONE PIECE,Luffy Monkey,MAIN,36030,1,Main character
30,Neon Genesis Evangelion,Asuka Langley Souryuu,MAIN,14675,1,Main character
32,Neon Genesis Evangelion: The End of Evangelion,Asuka Langley Souryuu,MAIN,14675,1,Main character
47,Akira,Shoutarou Kaneda,MAIN,1136,1,Main character
121,Fullmetal Alchemist,Edward Elric,MAIN,19260,1,Main character
164,Princess Mononoke,San,MAIN,2471,1,Main character
199,Spirited Away,Haku,MAIN,2874,1,Main character
205,Samurai Champloo,Mugen,MAIN,5008,1,Main character
223,Dragon Ball,Gokuu Son,MAIN,9629,1,Main character
226,Elfen Lied,Lucy,MAIN,2270,1,Main character
269,Bleach,Ichigo Kurosaki,MAIN,14562,1,Main character
339,Serial Experiments Lain,Lain Iwakura,MAIN,7987,1,Main character
431,Howl‘s Moving Castle,Howl,MAIN,8477,1,Main character
437,Perfect Blue,Mima Kirigoe,MAIN,1343,1,Main character
523,My Neighbor Totoro,Totoro,MAIN,2213,1,Main character
813,Dragon Ball Z,Gokuu Son,MAIN,9629,1,Main character
853,Ouran High School Host Club,Tamaki Suou,MAIN,4734,1,Main character
889,Black Lagoon,Revy,MAIN,8161,1,Main character
918,Gintama,Gintoki Sakata,MAIN,16095,1,Main character
1535,Death Note,L Lawliet,MAIN,26519,1,Main character
1575,Code Geass: Lelouch of the Rebellion,Lelouch Lamperouge,MAIN,28314,1,Main character
1689,5 Centimeters per Second,Takaki Tohno,MAIN,177,1,Main character
1735,Naruto: Shippuden,Itachi Uchiha,SUPPORTING,21467,1,Supporting character
2001,Gurren Lagann,Kamina,MAIN,9270,1,Main character
2167,Clannad,Tomoya Okazaki,MAIN,4648,1,Main character
2904,Code Geass: Lelouch of the Rebellion R2,Lelouch Lamperouge,MAIN,28314,1,Main character
3588,Soul Eater,Death the Kid,MAIN,6544,1,Main character
4224,Toradora!,Taiga Aisaka,MAIN,8443,1,Main character
4898,Black Butler,Sebastian Michaelis,MAIN,5449,1,Main character
5081,Bakemonogatari,Hitagi Senjougahara,MAIN,14792,1,Main character
5114,Fullmetal Alchemist: Brotherhood,Edward Elric,MAIN,19260,1,Main character
5680,K-ON!,Yui Hirasawa,MAIN,6258,1,Main character
6045,Kimi ni Todoke: From Me to You,Sawako Kuronuma,MAIN,4633,1,Main character
6547,Angel Beats!,Kanade Tachibana,MAIN,4048,1,Main character
6702,Fairy Tail,Erza Scarlet,MAIN,7095,1,Main character
6746,Durarara!!,Izaya Orihara,MAIN,4223,1,Main character
6880,Deadman Wonderland,Shiro,MAIN,1993,1,Main character
7054,Maid-Sama!,Takumi Usui,MAIN,5516,1,Main character
8074,High School of the Dead,Rei Miyamoto,MAIN,2619,1,Main character
9253,Steins;Gate,Kurisu Makise,MAIN,22378,1,Main character
9756,Puella Magi Madoka Magica,Homura Akemi,MAIN,12297,1,Main character
9919,Blue Exorcist,Rin Okumura,MAIN,5733,1,Main character
9989,Anohana: The Flower We Saw That Day,Meiko Honma,MAIN,2031,1,Main character
10087,Fate/Zero,Sakura Matou,SUPPORTING,17777,1,Supporting character
10165,Nichijou - My Ordinary Life,Yuuko Aioi,MAIN,1814,1,Main character
10620,The Future Diary,Yuno Gasai,MAIN,5948,1,Main character
10793,Guilty Crown,Inori Yuzuriha,MAIN,2286,1,Main character
11061,Hunter x Hunter (2011),Killua Zoldyck,MAIN,34839,1,Main character
11111,Another,Mei Misaki,MAIN,3415,1,Main character
11617,High School DxD,Rias Gremory,MAIN,6385,1,Main character
11741,Fate/Zero Season 2,Sakura Matou,SUPPORTING,17777,1,Supporting character
11757,Sword Art Online,Asuna Yuuki,MAIN,10176,1,Main character
11771,Kuroko's Basketball,Daiki Aomine,SUPPORTING,4176,1,Supporting character
12189,Hyouka,Houtarou Oreki,MAIN,7281,1,Main character
13601,PSYCHO-PASS,Shinya Kougami,MAIN,4157,1,Main character
13759,The Pet Girl of Sakurasou,Mashiro Shiina,MAIN,4626,1,Main character
14227,My Little Monster,Haru Yoshida,MAIN,2110,1,Main character
14513,Magi: The Labyrinth of Magic,Sinbad,SUPPORTING,4129,1,Supporting character
14719,JoJo's Bizarre Adventure (TV),Joseph Joestar,MAIN,17026,1,Main character
14741,"Love, Chunibyo & Other Delusions",Rikka Takanashi,MAIN,7928,1,Main character
14813,My Teen Romantic Comedy SNAFU,Hachiman Hikigaya,MAIN,12719,1,Main character
15583,Date A Live,Kurumi Tokisaki,SUPPORTING,8060,1,Supporting character
15809,The Devil is a Part-Timer!,Satan Jacob,MAIN,2285,1,Main character
16498,Attack on Titan,Levi,SUPPORTING,38336,1,Supporting character
16592,Danganronpa: The Animation,Kyouko Kirigiri,MAIN,4540,1,Main character
16782,The Garden of Words,Yukari Yukino,MAIN,421,1,Main character
17265,Log Horizon,Shiroe,MAIN,1306,1,Main character
17895,Golden Time,Kouko Kaga,MAIN,2201,1,Main character
18153,Beyond the Boundary,Mirai Kuriyama,MAIN,3246,1,Main character
18679,Kill la Kill,Ryuuko Matoi,MAIN,8172,1,Main character
18897,Nisekoi,Kosaki Onodera,MAIN,5324,1,Main character
19603,Fate/stay night: Unlimited Blade Works,Sakura Matou,SUPPORTING,17777,1,Supporting character
19815,"No Game, No Life",Shiro,MAIN,5860,1,Main character
20447,Noragami,Yato,MAIN,12884,1,Main character
20458,The Irregular at Magic High School,Tatsuya Shiba,MAIN,2427,1,Main character
20464,HAIKYU!!,Shouyou Hinata,MAIN,14655,1,Main character
20474,JoJo's Bizarre Adventure: Stardust Crusaders,Joseph Joestar,MAIN,17026,1,Main character
20594,Sword Art Online II,Asuna Yuuki,MAIN,10176,1,Main character
20596,Blue Spring Ride,Kou Mabuchi,MAIN,3601,1,Main character
20605,Tokyo Ghoul,Ken Kaneki,MAIN,26066,1,Main character
20613,Akame ga Kill!,Akame,MAIN,7033,1,Main character
20623,Parasyte -the maxim-,Shinichi Izumi,MAIN,3820,1,Main character
20661,Terror in Resonance,Twelve,MAIN,1759,1,Main character
20665,Your lie in April,Kaori Miyazono,MAIN,9325,1,Main character
20698,My Teen Romantic Comedy SNAFU TOO!,Hachiman Hikigaya,MAIN,12719,1,Main character
20727,Blood Blockade Battlefront,Leonardo Watch,MAIN,1748,1,Main character
20755,Assassination Classroom,Karma Akabane,SUPPORTING,10569,1,Supporting character
20789,The Seven Deadly Sins,Ban,MAIN,7539,1,Main character
20799,JoJo's Bizarre Adventure: Stardust Crusaders - Battle in Egypt,Joseph Joestar,MAIN,17026,1,Main character
20807,Prison School,Hana Midorikawa,SUPPORTING,1266,1,Supporting character
20829,Seraph of the End: Vampire Reign,Shinoa Hiiragi,MAIN,5228,1,Main character
20832,Overlord,Albedo,SUPPORTING,5982,1,Supporting character
20850,Tokyo Ghoul √A,Ken Kaneki,MAIN,26066,1,Main character
20872,Plastic Memories,Isla,MAIN,3182,1,Main character
20920,Is It Wrong to Try to Pick Up Girls in a Dungeon?,Ais Wallenstein,SUPPORTING,5455,1,Supporting character
20923,Food Wars!,Souma Yukihira,MAIN,7014,1,Main character
20931,Death Parade,Decim,MAIN,3887,1,Main character
20954,A Silent Voice,Shouko Nishimiya,MAIN,11606,1,Main character
20958,Attack on Titan Season 2,Levi,SUPPORTING,38336,1,Supporting character
20992,HAIKYU!! 2nd Season,Shouyou Hinata,MAIN,14655,1,Main character
20997,Charlotte,Nao Tomori,MAIN,5676,1,Main character
21049,ReLIFE,Chizuru Hishiro,MAIN,2430,1,Main character
21087,One-Punch Man,Saitama,MAIN,15103,1,Main character
21092,Chivalry of a Failed Knight,Stella  Vermillion,MAIN,2427,1,Main character
21128,Noragami Aragoto,Yato,MAIN,12884,1,Main character
21170,Assassination Classroom Second Season,Karma Akabane,SUPPORTING,10569,1,Supporting character
21202,KONOSUBA -God's blessing on this wonderful world!,Megumin,MAIN,16700,1,Main character
21234,ERASED,Satoru Fujinuma,MAIN,2910,1,Main character
21311,Bungo Stray Dogs,Osamu Dazai,MAIN,16336,1,Main character
21355,Re:ZERO -Starting Life in Another World-,Emilia,MAIN,27709,1,Main character
21450,JoJo's Bizarre Adventure: Diamond is Unbreakable,Joseph Joestar,SUPPORTING,17026,1,Supporting character
21459,My Hero Academia,Shouto Todoroki,SUPPORTING,16814,1,Supporting character
21507,Mob Psycho 100,Arataka Reigen,MAIN,24571,1,Main character
21518,Food Wars! The Second Plate,Souma Yukihira,MAIN,7014,1,Main character
21519,Your Name.,Mitsuha Miyamizu,MAIN,4558,1,Main character
21613,Saga of Tanya the Evil,Tanya Degurechaff,MAIN,6465,1,Main character
21647,Orange,Hiroto Suwa,MAIN,1702,1,Main character
21679,Bungo Stray Dogs 2,Osamu Dazai,MAIN,16336,1,Main character
21698,HAIKYU!! 3rd Season,Shouyou Hinata,MAIN,14655,1,Main character
21699,KONOSUBA -God's blessing on this wonderful world! 2,Megumin,MAIN,16700,1,Main character
21709,Yuri!!! on ICE,Victor Nikiforov,MAIN,3917,1,Main character
21776,Miss Kobayashi's Dragon Maid,Kanna Kamui,MAIN,5892,1,Main character
21804,The Disastrous Life of Saiki K.,Kusuo Saiki,MAIN,14742,1,Main character
21827,Violet Evergarden,Violet Evergarden,MAIN,20393,1,Main character
21856,My Hero Academia Season 2,Shouto Todoroki,MAIN,16814,1,Main character
21857,Masamune-kun's Revenge,Aki Adagaki,MAIN,2293,1,Main character
21875,"No Game, No Life Zero",Shiro,SUPPORTING,5860,1,Supporting character
97668,One-Punch Man Season 2,Saitama,MAIN,15103,1,Main character
97940,Black Clover,Yami Sukehiro,SUPPORTING,10868,1,Supporting character
97986,Made in Abyss,Nanachi,SUPPORTING,6194,1,Supporting character
98314,Kakegurui,Yumeko Jabami,MAIN,8730,1,Main character
98436,The Ancient Magus' Bride,Chise Hatori,MAIN,2876,1,Main character
98437,Overlord II,Albedo,SUPPORTING,5982,1,Supporting character
98460,Devilman Crybaby,Akira Fudou,MAIN,4804,1,Main character
98659,Classroom of the Elite,Kiyotaka Ayanokouji,MAIN,15831,1,Main character
99147,Attack on Titan Season 3,Levi,MAIN,38336,1,Main character
99255,Food Wars! The Third Plate,Souma Yukihira,MAIN,7014,1,Main character
99263,The Rising of the Shield Hero,Raphtalia,MAIN,6851,1,Main character
99423,DARLING in the FRANXX,Ichigo,MAIN,15770,1,Main character
99539,The Seven Deadly Sins: Revival of the Commandments,Ban,MAIN,7539,1,Main character
99578,Wotakoi: Love is Hard for Otaku,Hirotaka Nifuji,MAIN,4321,1,Main character
99750,I Want to Eat Your Pancreas,Sakura Yamauchi,MAIN,3524,1,Main character
100166,My Hero Academia Season 3,Shouto Todoroki,SUPPORTING,16814,1,Supporting character
100182,Sword Art Online: Alicization,Asuna Yuuki,SUPPORTING,10176,1,Supporting character
100240,Tokyo Ghoul:re,Ken Kaneki,MAIN,26066,1,Main character
100388,BANANA FISH,Ash Lynx,MAIN,9471,1,Main character
100668,Arifureta: From Commonplace to World's Strongest,Kaori Shirasaki,SUPPORTING,3282,1,Supporting character
100876,Kakegurui xx,Yumeko Jabami,MAIN,8730,1,Main character
100922,Grand Blue Dreaming,Chisa Kotegawa,MAIN,3971,1,Main character
101165,GOBLIN SLAYER,Goblin Slayer,MAIN,3498,1,Main character
101167,Is It Wrong to Try to Pick Up Girls in a Dungeon? II,Ais Wallenstein,SUPPORTING,5455,1,Supporting character
101280,That Time I Got Reincarnated as a Slime,Rimuru Tempest,MAIN,13848,1,Main character
101291,Rascal Does Not Dream of Bunny Girl Senpai,Mai Sakurajima,MAIN,21217,1,Main character
101338,Mob Psycho 100 II,Arataka Reigen,MAIN,24571,1,Main character
101347,Dororo,Hyakkimaru,MAIN,6483,1,Main character
101348,Vinland Saga,Thorfinn Karlsefni,MAIN,22339,1,Main character
101474,Overlord III,Albedo,SUPPORTING,5982,1,Supporting character
101759,The Promised Neverland,Ray,MAIN,9853,1,Main character
101921,Kaguya-sama: Love is War,Kaguya Shinomiya,MAIN,20519,1,Main character
101922,Demon Slayer: Kimetsu no Yaiba,Tanjirou Kamado,MAIN,18049,1,Main character
102351,Tokyo Ghoul:re 2,Ken Kaneki,MAIN,26066,1,Main character
102883,JoJo's Bizarre Adventure: Golden Wind,Joutarou Kuujou,SUPPORTING,14234,1,Supporting character
102976,KONOSUBA -God's blessing on this wonderful world!- Legend of Crimson,Megumin,MAIN,16700,1,Main character
103572,The Quintessential Quintuplets,Itsuki Nakano,MAIN,16038,1,Main character
104157,Rascal Does Not Dream of a Dreaming Girl,Mai Sakurajima,MAIN,21217,1,Main character
104276,My Hero Academia Season 4,Shouto Todoroki,SUPPORTING,16814,1,Supporting character
104578,Attack on Titan Season 3 Part 2,Levi,MAIN,38336,1,Main character
105310,Fire Force,Benimaru Shinmon,SUPPORTING,6781,1,Supporting character
105333,Dr. STONE,Senkuu Ishigami,MAIN,15482,1,Main character
105334,Fruits Basket (2019),Kyou Souma,MAIN,10419,1,Main character
106286,Weathering With You,Hina Amano,MAIN,1638,1,Main character
106625,HAIKYU!! TO THE TOP,Shouyou Hinata,MAIN,14655,1,Main character
107660,BEASTARS,Legoshi,MAIN,6507,1,Main character
108463,Toilet-bound Hanako-kun,Hanako,MAIN,8647,1,Main character
108465,Mushoku Tensei: Jobless Reincarnation,Roxy Migurdia,MAIN,11578,1,Main character
108511,That Time I Got Reincarnated as a Slime Season 2,Rimuru Tempest,MAIN,13848,1,Main character
108632,Re:ZERO -Starting Life in Another World- Season 2,Emilia,MAIN,27709,1,Main character
108725,The Promised Neverland Season 2,Ray,MAIN,9853,1,Main character
109261,The Quintessential Quintuplets 2,Itsuki Nakano,MAIN,16038,1,Main character
110277,Attack on Titan Final Season,Levi,SUPPORTING,38336,1,Supporting character
110349,Great Pretender,Laurent Thierry,MAIN,2355,1,Main character
111321,The Rising of the Shield Hero Season 2,Raphtalia,MAIN,6851,1,Main character
112151,Demon Slayer -Kimetsu no Yaiba- The Movie: Mugen Train,Tanjirou Kamado,MAIN,18049,1,Main character
112301,The Misfit of Demon King Academy: History’s Strongest Demon King Reincarnates and Goes to School with His Descendants,Anos Voldigoad,MAIN,3307,1,Main character
112641,Kaguya-sama: Love is War?,Kaguya Shinomiya,MAIN,20519,1,Main character
113415,JUJUTSU KAISEN,Satoru Gojou,MAIN,39436,1,Main character
113538,HAIKYU!! TO THE TOP Part 2,Shouyou Hinata,MAIN,14655,1,Main character
113813,Rent-a-Girlfriend,Mami Nanami,SUPPORTING,9740,1,Supporting character
113936,Dr. STONE: STONE WARS,Senkuu Ishigami,MAIN,15482,1,Main character
114236,Fire Force Season 2,Benimaru Shinmon,SUPPORTING,6781,1,Supporting character
114535,To Your Eternity,Fushi,MAIN,4050,1,Main character
115230,Tower of God,Aguero Agnis Khun,MAIN,4924,1,Main character
116006,The God of High School,Mo-Ri Jin,MAIN,3240,1,Main character
116267,TONIKAWA: Over The Moon For You,Tsukasa Yuzaki,MAIN,4643,1,Main character
116589,86 EIGHTY-SIX,Vladilena Milizé,MAIN,10202,1,Main character
116742,That Time I Got Reincarnated as a Slime Season 2 Part 2,Rimuru Tempest,MAIN,13848,1,Main character
117193,My Hero Academia Season 5,Shouto Todoroki,MAIN,16814,1,Main character
119661,Re:ZERO -Starting Life in Another World- Season 2 Part 2,Emilia,MAIN,27709,1,Main character
120120,Tokyo Revengers,Manjirou Sano,MAIN,10172,1,Main character
120377,Cyberpunk: Edgerunners,Lucy,MAIN,8815,1,Main character
120697,"DON'T TOY WITH ME, MISS NAGATORO",Hayase Nagatoro,MAIN,5087,1,Main character
124080,Horimiya,Izumi Miyamura,MAIN,14798,1,Main character
124153,SK8 the Infinity,Reki Kyan,MAIN,5626,1,Main character
124845,WONDER EGG PRIORITY,Ai Ooto,MAIN,3733,1,Main character
125367,Kaguya-sama: Love is War -Ultra Romantic-,Kaguya Shinomiya,MAIN,20519,1,Main character
127230,Chainsaw Man,Makima,MAIN,22269,1,Main character
127720,Mushoku Tensei: Jobless Reincarnation Cour 2,Roxy Migurdia,MAIN,11578,1,Main character
128893,Hell’s Paradise,Gabimaru,MAIN,5500,1,Main character
129201,Summer Time Rendering,Mio Kofune,MAIN,1987,1,Main character
129874,Demon Slayer: Kimetsu no Yaiba Mugen Train Arc,Tanjirou Kamado,MAIN,18049,1,Main character
130003,BOCCHI THE ROCK!,Hitori Gotou,MAIN,12433,1,Main character
130298,The Eminence in Shadow,Cid Kagenou,MAIN,7006,1,Main character
131573,JUJUTSU KAISEN 0,Satoru Gojou,SUPPORTING,39436,1,Supporting character
131681,Attack on Titan Final Season Part 2,Levi,SUPPORTING,38336,1,Supporting character
132405,My Dress-Up Darling,Marin Kitagawa,MAIN,17352,1,Main character
133965,Komi Can’t Communicate,Shouko Komi,MAIN,8026,1,Main character
136430,Vinland Saga Season 2,Thorfinn Karlsefni,MAIN,22339,1,Main character
137822,BLUE LOCK,Meguru Bachira,MAIN,6537,1,Main character
139630,My Hero Academia Season 6,Shouto Todoroki,SUPPORTING,16814,1,Supporting character
140439,Mob Psycho 100 III,Arataka Reigen,MAIN,24571,1,Main character
140960,SPY x FAMILY,Yor Forger,MAIN,14411,1,Main character
141391,Call of the Night,Nazuna Nanakusa,MAIN,6830,1,Main character
142329,Demon Slayer: Kimetsu no Yaiba Entertainment District Arc,Tanjirou Kamado,MAIN,18049,1,Main character
142838,SPY x FAMILY Cour 2,Yor Forger,MAIN,14411,1,Main character
145064,JUJUTSU KAISEN Season 2,Satoru Gojou,MAIN,39436,1,Main character
145139,Demon Slayer: Kimetsu no Yaiba Swordsmith Village Arc,Tanjirou Kamado,MAIN,18049,1,Main character
145545,Classroom of the Elite Season 2,Kiyotaka Ayanokouji,MAIN,15831,1,Main character
146065,Mushoku Tensei: Jobless Reincarnation Season 2,Rudeus Greyrat,MAIN,8550,1,Main character
146984,Attack on Titan Final Season THE FINAL CHAPTERS Special 1,Levi,SUPPORTING,38336,1,Supporting character
147105,Witch Hat Atelier,Qifrey,MAIN,3486,1,Main character
150672,OSHI NO KO,Kana Arima,MAIN,11819,1,Main character
151801,MASHLE: MAGIC AND MUSCLES,Mash Burnedead,MAIN,3528,1,Main character
151807,Solo Leveling,Jin-U Seong,MAIN,15243,1,Main character
153288,Kaiju No. 8,Soushirou Hoshina,SUPPORTING,2591,1,Supporting character
153518,Delicious in Dungeon,Marcille Donato,MAIN,4245,1,Main character
154587,Frieren: Beyond Journey’s End,Frieren,MAIN,22541,1,Main character
158927,SPY x FAMILY Season 2,Yor Forger,MAIN,14411,1,Main character
159831,Zom 100: Bucket List of the Dead,Shizuka Mikazuki,MAIN,1528,1,Main character
161645,The Apothecary Diaries,Maomao,MAIN,22465,1,Main character
166240,Demon Slayer: Kimetsu no Yaiba Hashira Training Arc,Tanjirou Kamado,MAIN,18049,1,Main character
171018,DAN DA DAN,Momo Ayase,MAIN,7363,1,Main character
171627,Chainsaw Man – The Movie: Reze Arc,Makima,SUPPORTING,22269,1,Supporting character
172463,JUJUTSU KAISEN Season 3: The Culling Game Part 1,Satoru Gojou,SUPPORTING,39436,1,Supporting character
176496,Solo Leveling Season 2 -Arise from the Shadow-,Jin-U Seong,MAIN,15243,1,Main character
178025,Gachiakuta,Enjin,MAIN,2482,1,Main character
182255,Frieren: Beyond Journey’s End Season 2,Frieren,MAIN,22541,1,Main character
185660,DAN DA DAN Season 2,Momo Ayase,MAIN,7363,1,Main character
