character_id,character_name,anime_entries_won,favourites,anime_titles
45627,Levi,5,38336,Attack on Titan | Attack on Titan Final Season | Attack on Titan Final Season Part 2 | Attack on Titan Final Season THE FINAL CHAPTERS Special 1 | Attack on Titan Season 2
89220,Shouto Todoroki,4,16814,My Hero Academia | My Hero Academia Season 3 | My Hero Academia Season 4 | My Hero Academia Season 6
500,Sakura Matou,3,17777,Fate/Zero | Fate/Zero Season 2 | Fate/stay night: Unlimited Blade Works
89122,Albedo,3,5982,Overlord | Overlord II | Overlord III
127691,Satoru Gojou,2,39436,JUJUTSU KAISEN 0 | JUJUTSU KAISEN Season 3: The Culling Game Part 1
14,Itachi Uchiha,2,21467,Naruto | Naruto: Shippuden
71933,Karma Akabane,2,10569,Assassination Classroom | Assassination Classroom Second Season
130848,Benimaru Shinmon,2,6781,Fire Force | Fire Force Season 2
87655,Ais Wallenstein,2,5455,Is It Wrong to Try to Pick Up Girls in a Dungeon? | Is It Wrong to Try to Pick Up Girls in a Dungeon? II
137080,Makima,1,22269,Chainsaw Man – The Movie: Reze Arc
6356,Joseph Joestar,1,17026,JoJo's Bizarre Adventure: Diamond is Unbreakable
4003,Joutarou Kuujou,1,14234,JoJo's Bizarre Adventure: Golden Wind
124440,Yami Sukehiro,1,10868,Black Clover
36828,Asuna Yuuki,1,10176,Sword Art Online: Alicization
154224,Mami Nanami,1,9740,Rent-a-Girlfriend
70069,Kurumi Tokisaki,1,8060,Date A Live
122445,Nanachi,1,6194,Made in Abyss
82525,Shiro,1,5860,"No Game, No Life Zero"
36820,Daiki Aomine,1,4176,Kuroko's Basketball
42528,Sinbad,1,4129,Magi: The Labyrinth of Magic
132849,Kaori Shirasaki,1,3282,Arifureta: From Commonplace to World's Strongest
205579,Soushirou Hoshina,1,2591,Kaiju No. 8
64847,Hana Midorikawa,1,1266,Prison School
