anime_id,title_display,main_character_id,top_main_character,main_favourites,supporting_character_id,top_supporting_character,supporting_favourites,supporting_advantage,supporting_to_main_ratio,winner_role
145064,JUJUTSU KAISEN Season 2,127691,Satoru Gojou,39436,133704,Kento Nanami,13738,-25698,0.3483619028299016,MAIN
99147,Attack on Titan Season 3,45627,Levi,38336,71121,Hange Zoe,13871,-24465,0.36182700333889817,MAIN
21,ONE PIECE,40,Luffy Monkey,36030,13767,Law Trafalgar,10339,-25691,0.28695531501526506,MAIN
11061,Hunter x Hunter (2011),27,Killua Zoldyck,34839,58,Chrollo Lucilfer,9556,-25283,0.2742903068400356,MAIN
146984,Attack on Titan Final Season THE FINAL CHAPTERS Special 1,40882,Eren Yeager,31874,45627,Levi,38336,6462,1.2027357721026541,SUPPORTING
1575,Code Geass: Lelouch of the Rebellion,417,Lelouch Lamperouge,28314,1120,Shirley Fenette,5707,-22607,0.20156106519742883,MAIN
119661,Re:ZERO -Starting Life in Another World- Season 2 Part 2,88572,Emilia,27709,88575,Rem,16285,-11424,0.5877151827925945,MAIN
21355,Re:ZERO -Starting Life in Another World-,88572,Emilia,27709,90181,Beatrice,4687,-23022,0.16915081742394167,MAIN
1535,Death Note,71,L Lawliet,26519,1906,Touta Matsuda,1203,-25316,0.04536370149703986,MAIN
20850,Tokyo Ghoul √A,87275,Ken Kaneki,26066,88412,Juuzou Suzuya,7330,-18736,0.28120923808793064,MAIN
100240,Tokyo Ghoul:re,87275,Ken Kaneki,26066,87277,Touka Kirishima,8286,-17780,0.3178853679122228,MAIN
140439,Mob Psycho 100 III,89334,Arataka Reigen,24571,89621,Teruki Hanazawa,2372,-22199,0.09653656749827032,MAIN
182255,Frieren: Beyond Journey’s End Season 2,176754,Frieren,22541,184311,Himmel,4652,-17889,0.20637948626946453,MAIN
161645,The Apothecary Diaries,126824,Maomao,22465,244995,Rouran,1877,-20588,0.08355219229913198,MAIN
9253,Steins;Gate,34470,Kurisu Makise,22378,30919,Luka Urushibara,1431,-20947,0.0639467333988739,MAIN
101348,Vinland Saga,10138,Thorfinn Karlsefni,22339,17440,Thorkell,3745,-18594,0.16764403061909663,MAIN
136430,Vinland Saga Season 2,10138,Thorfinn Karlsefni,22339,13020,Askeladd,16597,-5742,0.7429607413044451,MAIN
127230,Chainsaw Man,137080,Makima,22269,170266,Pochita,5432,-16837,0.24392653464457317,MAIN
172463,JUJUTSU KAISEN Season 3: The Culling Game Part 1,127212,Yuuji Itadori,21298,127691,Satoru Gojou,39436,18138,1.8516292609634708,SUPPORTING
104157,Rascal Does Not Dream of a Dreaming Girl,127222,Mai Sakurajima,21217,127633,Rio Futaba,5362,-15855,0.25272187396898715,MAIN
101291,Rascal Does Not Dream of Bunny Girl Senpai,127222,Mai Sakurajima,21217,127843,Shouko Makinohara,1485,-19732,0.06999104491681199,MAIN
171627,Chainsaw Man – The Movie: Reze Arc,130102,Denji,21034,137080,Makima,22269,1235,1.0587144622991347,SUPPORTING
1735,Naruto: Shippuden,85,Kakashi Hatake,20537,14,Itachi Uchiha,21467,930,1.0452841213419681,SUPPORTING
125367,Kaguya-sama: Love is War -Ultra Romantic-,120649,Kaguya Shinomiya,20519,121104,Ai Hayasaka,10925,-9594,0.5324333544519714,MAIN
21827,Violet Evergarden,90169,Violet Evergarden,20393,124790,Gilbert Bougainvillea,1622,-18771,0.07953709606237434,MAIN
121,Fullmetal Alchemist,11,Edward Elric,19260,68,Roy Mustang,14483,-4777,0.7519730010384216,MAIN
166240,Demon Slayer: Kimetsu no Yaiba Hashira Training Arc,126071,Tanjirou Kamado,18049,129130,Inosuke Hashibira,14659,-3390,0.8121779599977839,MAIN
101922,Demon Slayer: Kimetsu no Yaiba,126071,Tanjirou Kamado,18049,130050,Giyuu Tomioka,12481,-5568,0.6915064546512272,MAIN
112151,Demon Slayer -Kimetsu no Yaiba- The Movie: Mugen Train,126071,Tanjirou Kamado,18049,141694,Akaza,4211,-13838,0.23330932461632223,MAIN
132405,My Dress-Up Darling,133676,Marin Kitagawa,17352,133677,Sajuna Inui,1181,-16171,0.06806131857999077,MAIN
20799,JoJo's Bizarre Adventure: Stardust Crusaders - Battle in Egypt,6356,Joseph Joestar,17026,36309,Narrator,2234,-14792,0.1312110889228239,MAIN
20474,JoJo's Bizarre Adventure: Stardust Crusaders,6356,Joseph Joestar,17026,4004,Dio Brando,9547,-7479,0.5607306472453895,MAIN
14719,JoJo's Bizarre Adventure (TV),6356,Joseph Joestar,17026,21938,Robert E. O. Speedwagon,2452,-14574,0.14401503582755784,MAIN
21856,My Hero Academia Season 2,89220,Shouto Todoroki,16814,89225,Shouta Aizawa,8776,-8038,0.5219459973831331,MAIN
21699,KONOSUBA -God's blessing on this wonderful world! 2,89361,Megumin,16700,120652,Yunyun,2388,-14312,0.1429940119760479,MAIN
21202,KONOSUBA -God's blessing on this wonderful world!,89361,Megumin,16700,120655,Wiz,2068,-14632,0.12383233532934132,MAIN
21311,Bungo Stray Dogs,89198,Osamu Dazai,16336,89201,Ranpo Edogawa,7386,-8950,0.45213026444662097,MAIN
21459,My Hero Academia,88892,Katsuki Bakugou,16241,89220,Shouto Todoroki,16814,573,1.0352810787513085,SUPPORTING
918,Gintama,672,Gintoki Sakata,16095,1533,Kotarou Katsura,4313,-11782,0.2679714196955576,MAIN
103572,The Quintessential Quintuplets,126375,Itsuki Nakano,16038,130111,Raiha Uesugi,327,-15711,0.0203890759446315,MAIN
145545,Classroom of the Elite Season 2,123212,Kiyotaka Ayanokouji,15831,123216,Honami Ichinose,1799,-14032,0.113637799254627,MAIN
98659,Classroom of the Elite,123212,Kiyotaka Ayanokouji,15831,141122,Kei Karuizawa,3062,-12769,0.1934179773861411,MAIN
99423,DARLING in the FRANXX,124382,Ichigo,15770,126290,Kyouryuu no Hime,385,-15385,0.024413443246670895,MAIN
105333,Dr. STONE,124142,Senkuu Ishigami,15482,127445,Gen Asagiri,5242,-10240,0.3385867458984627,MAIN
113936,Dr. STONE: STONE WARS,124142,Senkuu Ishigami,15482,124162,Suika,2289,-13193,0.14784911510140808,MAIN
151807,Solo Leveling,129928,Jin-U Seong,15243,138789,Hae-In Cha,4726,-10517,0.3100439546021124,MAIN
21087,One-Punch Man,73935,Saitama,15103,81929,Tatsumaki,8776,-6327,0.5810766072965636,MAIN
124080,Horimiya,66173,Izumi Miyamura,14798,66963,Yuki Yoshikawa,2510,-12288,0.1696175158805244,MAIN
5081,Bakemonogatari,22037,Hitagi Senjougahara,14792,23602,Shinobu Oshino,13927,-865,0.9415224445646295,MAIN
21804,The Disastrous Life of Saiki K.,90107,Kusuo Saiki,14742,36309,Narrator,2234,-12508,0.15153981820648488,MAIN
30,Neon Genesis Evangelion,94,Asuka Langley Souryuu,14675,1261,Kaworu Nagisa,5452,-9223,0.3715161839863714,MAIN
106625,HAIKYU!! TO THE TOP,64769,Shouyou Hinata,14655,67327,Yuu Nishinoya,10640,-4015,0.7260320709655408,MAIN
269,Bleach,5,Ichigo Kurosaki,14562,210,Kisuke Urahara,8385,-6177,0.5758137618459003,MAIN
142838,SPY x FAMILY Cour 2,138102,Yor Forger,14411,169679,Bond,1885,-12526,0.1308028589272084,MAIN
140960,SPY x FAMILY,138102,Yor Forger,14411,150424,Damian Desmond,1068,-13343,0.07411005481923531,MAIN
1,Cowboy Bebop,1,Spike Spiegel,14331,4,Ein,1894,-12437,0.13216104947317006,MAIN
21450,JoJo's Bizarre Adventure: Diamond is Unbreakable,4003,Joutarou Kuujou,14234,6356,Joseph Joestar,17026,2792,1.1961500632288886,SUPPORTING
139630,My Hero Academia Season 6,89028,Izuku Midoriya,14067,89220,Shouto Todoroki,16814,2747,1.1952797327077558,SUPPORTING
108511,That Time I Got Reincarnated as a Slime Season 2,123962,Rimuru Tempest,13848,128036,Milim Nava,3787,-10061,0.2734690930098209,MAIN
21128,Noragami Aragoto,84677,Yato,12884,88241,Kofuku Ebisu,1464,-11420,0.11362930766842595,MAIN
20447,Noragami,84677,Yato,12884,88239,Bishamon,2850,-10034,0.22120459484632102,MAIN
19603,Fate/stay night: Unlimited Blade Works,498,Rin Toosaka,12861,500,Sakura Matou,17777,4916,1.3822408832905684,SUPPORTING
20698,My Teen Romantic Comedy SNAFU TOO!,67065,Hachiman Hikigaya,12719,67077,Shizuka Hiratsuka,2054,-10665,0.16149068322981366,MAIN
130003,BOCCHI THE ROCK!,257562,Hitori Gotou,12433,291639,Kikuri Hiroi,3147,-9286,0.2531167055417035,MAIN
9756,Puella Magi Madoka Magica,38005,Homura Akemi,12297,39742,Junko Kaname,66,-12231,0.005367162722615272,MAIN
11741,Fate/Zero Season 2,497,Artoria Pendragon,12157,500,Sakura Matou,17777,5620,1.4622851032327053,SUPPORTING
150672,OSHI NO KO,188783,Kana Arima,11819,172759,Ai Hoshino,6475,-5344,0.5478466875370167,MAIN
131573,JUJUTSU KAISEN 0,129571,Yuuta Okkotsu,11693,127691,Satoru Gojou,39436,27743,3.3726160950996324,SUPPORTING
20954,A Silent Voice,80243,Shouko Nishimiya,11606,124026,Naoka Ueno,4094,-7512,0.3527485783215578,MAIN
108465,Mushoku Tensei: Jobless Reincarnation,88350,Roxy Migurdia,11578,206392,Ghislaine Dedoldia,1214,-10364,0.10485403351183278,MAIN
127720,Mushoku Tensei: Jobless Reincarnation Cour 2,88350,Roxy Migurdia,11578,88346,Sylphiette,4475,-7103,0.3865088961824149,MAIN
19,Monster,719,Johan Liebert,11347,3096,Wolfgang Grimmer,6994,-4353,0.6163743720807262,MAIN
105334,Fruits Basket (2019),209,Kyou Souma,10419,369,Hatsuharu Souma,3590,-6829,0.34456281792878396,MAIN
116589,86 EIGHTY-SIX,141061,Vladilena Milizé,10202,174873,Kurena Kukumila,9803,-399,0.9608900215643992,MAIN
20594,Sword Art Online II,36828,Asuna Yuuki,10176,36831,Suguha Kirigaya,1167,-9009,0.11468160377358491,MAIN
11757,Sword Art Online,36828,Asuna Yuuki,10176,43892,Yui,1160,-9016,0.1139937106918239,MAIN
120120,Tokyo Revengers,145341,Manjirou Sano,10172,145344,Chifuyu Matsuno,7063,-3109,0.694357058592214,MAIN
101759,The Promised Neverland,121724,Ray,9853,126475,Phil,2342,-7511,0.23769410331878615,MAIN
108725,The Promised Neverland Season 2,121724,Ray,9853,121700,Norman,6791,-3062,0.6892317060793667,MAIN
20755,Assassination Classroom,65643,Koro-sensei,9736,71933,Karma Akabane,10569,833,1.0855587510271159,SUPPORTING
223,Dragon Ball,246,Gokuu Son,9629,914,Piccolo,3498,-6131,0.3632775989199294,MAIN
813,Dragon Ball Z,246,Gokuu Son,9629,2707,Trunks,3900,-5729,0.4050264825007789,MAIN
97940,Black Clover,123285,Asta,9485,124440,Yami Sukehiro,10868,1383,1.145809172377438,SUPPORTING
100388,BANANA FISH,13580,Ash Lynx,9471,29577,Shorter Wong,2327,-7144,0.24569739203885546,MAIN
20665,Your lie in April,69411,Kaori Miyazono,9325,85841,Emi Igawa,454,-8871,0.04868632707774799,MAIN
2001,Gurren Lagann,2075,Kamina,9270,36309,Narrator,2234,-7036,0.24099244875943904,MAIN
100182,Sword Art Online: Alicization,36765,Kazuto Kirigaya,8878,36828,Asuna Yuuki,10176,1298,1.1462041000225276,SUPPORTING
120377,Cyberpunk: Edgerunners,284157,Lucy,8815,284163,Rebecca,5378,-3437,0.6100964265456608,MAIN
100876,Kakegurui xx,121889,Yumeko Jabami,8730,122691,Midari Ikishima,2324,-6406,0.26620847651775487,MAIN
108463,Toilet-bound Hanako-kun,128651,Hanako,8647,141671,Sousuke Mitsuba,2676,-5971,0.30947149300335375,MAIN
146065,Mushoku Tensei: Jobless Reincarnation Season 2,88348,Rudeus Greyrat,8550,206604,Sara,2647,-5903,0.3095906432748538,MAIN
431,Howl‘s Moving Castle,507,Howl,8477,6752,Calcifer,2522,-5955,0.29751091187920253,MAIN
4224,Toradora!,12064,Taiga Aisaka,8443,12307,Yasuko Takasu,473,-7970,0.05602274073196731,MAIN
18679,Kill la Kill,83797,Ryuuko Matoi,8172,87606,Nonon Jakuzure,1182,-6990,0.144640234948605,MAIN
889,Black Lagoon,458,Revy,8161,461,Balalaika,2026,-6135,0.24825389045460114,MAIN
133965,Komi Can’t Communicate,121956,Shouko Komi,8026,130870,Shousuke Komi,506,-7520,0.0630451034139048,MAIN
339,Serial Experiments Lain,2219,Lain Iwakura,7987,7610,Arisu Mizuki,220,-7767,0.027544760235382496,MAIN
14741,"Love, Chunibyo & Other Delusions",65865,Rikka Takanashi,7928,36309,Narrator,2234,-5694,0.2817860746720484,MAIN
20789,The Seven Deadly Sins,77605,Ban,7539,36309,Narrator,2234,-5305,0.2963257726488924,MAIN
99539,The Seven Deadly Sins: Revival of the Commandments,77605,Ban,7539,74285,Gilthunder,560,-6979,0.07428040854224698,MAIN
171018,DAN DA DAN,222594,Momo Ayase,7363,245466,Aira Shiratori,6137,-1226,0.833491783240527,MAIN
185660,DAN DA DAN Season 2,222594,Momo Ayase,7363,234824,Seiko Ayase,2205,-5158,0.29947032459595274,MAIN
12189,Hyouka,55131,Houtarou Oreki,7281,56157,Fuyumi Irisu,188,-7093,0.025820629034473287,MAIN
6702,Fairy Tail,5189,Erza Scarlet,7095,9719,Juvia Lockser,2561,-4534,0.3609584214235377,MAIN
20613,Akame ga Kill!,63351,Akame,7033,65239,Esdeath,6553,-480,0.9317503199203754,MAIN
20923,Food Wars!,75216,Souma Yukihira,7014,88956,Alice Nakiri,2515,-4499,0.3585685771314514,MAIN
130298,The Eminence in Shadow,136837,Cid Kagenou,7006,162248,Delta,2728,-4278,0.3893805309734513,MAIN
99263,The Rising of the Shield Hero,88889,Raphtalia,6851,129813,Melty Q Melromarc,627,-6224,0.09151948620639323,MAIN
141391,Call of the Night,168774,Nazuna Nanakusa,6830,175659,Anko Uguisu,2382,-4448,0.3487554904831625,MAIN
102883,JoJo's Bizarre Adventure: Golden Wind,10529,Giorno Giovanna,6819,4003,Joutarou Kuujou,14234,7415,2.087402844991934,SUPPORTING
113813,Rent-a-Girlfriend,128106,Chizuru Ichinose,6809,154224,Mami Nanami,9740,2931,1.4304596857100895,SUPPORTING
3588,Soul Eater,8455,Death the Kid,6544,11919,Crona,3749,-2795,0.5728911980440098,MAIN
137822,BLUE LOCK,162213,Meguru Bachira,6537,162969,Seishirou Nagi,6184,-353,0.9459996940492581,MAIN
107660,BEASTARS,125168,Legoshi,6507,132948,Gouhin,901,-5606,0.1384662670969725,MAIN
101347,Dororo,14864,Hyakkimaru,6483,36309,Narrator,2234,-4249,0.344593552367731,MAIN
21613,Saga of Tanya the Evil,121052,Tanya Degurechaff,6465,121057,Viktoriya Serebryakov,762,-5703,0.11786542923433875,MAIN
11617,High School DxD,50389,Rias Gremory,6385,58345,Grayfia Lucifuge,286,-6099,0.044792482380579486,MAIN
5680,K-ON!,19565,Yui Hirasawa,6258,19569,Sawako Yamanaka,793,-5465,0.1267178012144455,MAIN
105310,Fire Force,130716,Iris,5969,130848,Benimaru Shinmon,6781,812,1.136036186965991,SUPPORTING
10620,The Future Diary,4963,Yuno Gasai,5948,4966,Minene Uryuu,1941,-4007,0.32632817753866844,MAIN
21776,Miss Kobayashi's Dragon Maid,120974,Kanna Kamui,5892,120977,Elma,1822,-4070,0.3092328581126952,MAIN
19815,"No Game, No Life",82525,Shiro,5860,88003,Izuna Hatsuse,598,-5262,0.10204778156996587,MAIN
9919,Blue Exorcist,24482,Rin Okumura,5733,32110,Shura Kirigakure,1090,-4643,0.19012733298447584,MAIN
20997,Charlotte,88951,Nao Tomori,5676,88954,Misa Kurobane,556,-5120,0.09795630725863284,MAIN
124153,SK8 the Infinity,195120,Reki Kyan,5626,212448,Nanako Hasegawa,142,-5484,0.02523995734091717,MAIN
98437,Overlord II,89103,Momonga,5557,89122,Albedo,5982,425,1.0764801151700558,SUPPORTING
7054,Maid-Sama!,14523,Takumi Usui,5516,19985,Hinata Shintani,195,-5321,0.03535170413343002,MAIN
128893,Hell’s Paradise,137260,Gabimaru,5500,137270,Yuzuriha,2402,-3098,0.43672727272727274,MAIN
4898,Black Butler,10863,Sebastian Michaelis,5449,12960,Grell Sutcliff,2346,-3103,0.4305377133418976,MAIN
18897,Nisekoi,52723,Kosaki Onodera,5324,58885,Seishirou Tsugumi,1381,-3943,0.2593914350112697,MAIN
20829,Seraph of the End: Vampire Reign,83017,Shinoa Hiiragi,5228,88899,Krul Tepes,1911,-3317,0.3655317521040551,MAIN
120697,"DON'T TOY WITH ME, MISS NAGATORO",124696,Hayase Nagatoro,5087,145717,Sana Sunomiya,532,-4555,0.10458030273245528,MAIN
205,Samurai Champloo,390,Mugen,5008,1835,Sara,46,-4962,0.009185303514376996,MAIN
115230,Tower of God,84781,Aguero Agnis Khun,4924,124138,Endorsi Jahad,1650,-3274,0.335093419983753,MAIN
98460,Devilman Crybaby,2456,Akira Fudou,4804,7971,Miki Kuroda,299,-4505,0.062239800166527894,MAIN
853,Ouran High School Host Club,19,Tamaki Suou,4734,6816,Ritsu Kasanoda,274,-4460,0.05787917194761301,MAIN
2167,Clannad,4606,Tomoya Okazaki,4648,7095,Akio Furukawa,1214,-3434,0.26118760757314974,MAIN
116267,TONIKAWA: Over The Moon For You,131106,Tsukasa Yuzaki,4643,137513,Kaname Arisugawa,535,-4108,0.11522722377772991,MAIN
6045,Kimi ni Todoke: From Me to You,6977,Sawako Kuronuma,4633,14117,Ume Kurumizawa,423,-4210,0.0913015324843514,MAIN
13759,The Pet Girl of Sakurasou,61371,Mashiro Shiina,4626,73507,Rita Ainsworth,161,-4465,0.03480328577604842,MAIN
21519,Your Name.,121514,Mitsuha Miyamizu,4558,121522,Miki Okudera,226,-4332,0.049583150504607286,MAIN
16592,Danganronpa: The Animation,63845,Kyouko Kirigiri,4540,78137,Mukuro Ikusaba,398,-4142,0.08766519823788546,MAIN
99578,Wotakoi: Love is Hard for Otaku,122189,Hirotaka Nifuji,4321,122193,Naoya Nifuji,748,-3573,0.17310807683406618,MAIN
153518,Delicious in Dungeon,127292,Marcille Donato,4245,130508,Falin Thorden,1759,-2486,0.4143698468786808,MAIN
6746,Durarara!!,24596,Izaya Orihara,4223,27885,Erika Karisawa,344,-3879,0.08145867866445655,MAIN
13601,PSYCHO-PASS,68315,Shinya Kougami,4157,69057,Nobuchika Ginoza,948,-3209,0.2280490738513351,MAIN
114535,To Your Eternity,136548,Fushi,4050,136554,Gugu,1699,-2351,0.4195061728395062,MAIN
6547,Angel Beats!,22369,Kanade Tachibana,4048,24512,Masami Iwasawa,538,-3510,0.13290513833992096,MAIN
100922,Grand Blue Dreaming,123181,Chisa Kotegawa,3971,123180,Azusa Hamaoka,1874,-2097,0.47192143037018386,MAIN
11771,Kuroko's Basketball,18769,Tetsuya Kuroko,3931,36820,Daiki Aomine,4176,245,1.0623251081149834,SUPPORTING
21709,Yuri!!! on ICE,90225,Victor Nikiforov,3917,121616,Makkachin,564,-3353,0.14398774572376818,MAIN
20931,Death Parade,81853,Decim,3887,88780,Clavis,444,-3443,0.11422691021353229,MAIN
20623,Parasyte -the maxim-,12323,Shinichi Izumi,3820,19215,Kana Kimishima,829,-2991,0.2170157068062827,MAIN
124845,WONDER EGG PRIORITY,199892,Ai Ooto,3733,204117,Ura-Acca,189,-3544,0.050629520492901155,MAIN
101167,Is It Wrong to Try to Pick Up Girls in a Dungeon? II,88860,Bell Cranel,3636,87655,Ais Wallenstein,5455,1819,1.5002750275027503,SUPPORTING
20596,Blue Spring Ride,41026,Kou Mabuchi,3601,43088,Shuuko Murao,373,-3228,0.10358233823937794,MAIN
151801,MASHLE: MAGIC AND MUSCLES,158734,Mash Burnedead,3528,202422,Rain Ames,705,-2823,0.19982993197278912,MAIN
99750,I Want to Eat Your Pancreas,127118,Sakura Yamauchi,3524,133276,Issei Miyata,70,-3454,0.019863791146424517,MAIN
101165,GOBLIN SLAYER,126458,Goblin Slayer,3498,126484,Ushikai Musume,1692,-1806,0.483704974271012,MAIN
147105,Witch Hat Atelier,129841,Qifrey,3486,129842,Agott Arkrome,1552,-1934,0.44520940906483075,MAIN
11111,Another,41402,Mei Misaki,3415,51585,Izumi Akazawa,348,-3067,0.10190336749633967,MAIN
112301,The Misfit of Demon King Academy: History’s Strongest Demon King Reincarnates and Goes to School with His Descendants,138595,Anos Voldigoad,3307,139557,Izabella,233,-3074,0.07045660719685516,MAIN
18153,Beyond the Boundary,81751,Mirai Kuriyama,3246,87627,Ai Shindou,237,-3009,0.07301293900184842,MAIN
116006,The God of High School,124136,Mo-Ri Jin,3240,161450,Il-Pyo Park,615,-2625,0.18981481481481483,MAIN
20872,Plastic Memories,88753,Isla,3182,88755,Michiru Kinushima,368,-2814,0.11565053425518541,MAIN
21234,ERASED,89275,Satoru Fujinuma,2910,89357,Kenya Kobayashi,1390,-1520,0.47766323024054985,MAIN
98436,The Ancient Magus' Bride,88344,Chise Hatori,2876,125915,Silky,465,-2411,0.16168289290681503,MAIN
199,Spirited Away,385,Haku,2874,8298,Kaonashi,1871,-1003,0.651009046624913,MAIN
14513,Magi: The Labyrinth of Magic,43121,Morgiana,2722,42528,Sinbad,4129,1407,1.5168993387215284,SUPPORTING
15583,Date A Live,65259,Tooka Yatogami,2714,70069,Kurumi Tokisaki,8060,5346,2.969786293294031,SUPPORTING
8074,High School of the Dead,6044,Rei Miyamoto,2619,32736,Rika Minami,111,-2508,0.042382588774341354,MAIN
97986,Made in Abyss,122444,Reg,2562,122445,Nanachi,6194,3632,2.4176424668227945,SUPPORTING
100668,Arifureta: From Commonplace to World's Strongest,132847,Yue,2521,132849,Kaori Shirasaki,3282,761,1.3018643395477985,SUPPORTING
178025,Gachiakuta,266438,Enjin,2482,298929,Amo Empool,1369,-1113,0.5515713134568896,MAIN
164,Princess Mononoke,2727,San,2471,9174,Moro no Kimi,320,-2151,0.12950222581950627,MAIN
21049,ReLIFE,89426,Chizuru Hishiro,2430,89838,Honoka Tamarai,52,-2378,0.02139917695473251,MAIN
21092,Chivalry of a Failed Knight,88264,Stella  Vermillion,2427,89650,Ayase Ayatsuji,164,-2263,0.06757313555830242,MAIN
20458,The Irregular at Magic High School,55743,Tatsuya Shiba,2427,88194,Mayumi Saegusa,954,-1473,0.3930778739184178,MAIN
110349,Great Pretender,158448,Laurent Thierry,2355,190121,Dorothy,158,-2197,0.06709129511677282,MAIN
21857,Masamune-kun's Revenge,76364,Aki Adagaki,2293,121008,Yoshino Koiwai,788,-1505,0.3436546009594418,MAIN
10793,Guilty Crown,43280,Inori Yuzuriha,2286,43281,Ayase Shinomiya,261,-2025,0.1141732283464567,MAIN
15809,The Devil is a Part-Timer!,70733,Satan Jacob,2285,82295,Mayumi Kisaki,64,-2221,0.02800875273522976,MAIN
226,Elfen Lied,738,Lucy,2270,742,Mariko Kurama,124,-2146,0.05462555066079295,MAIN
523,My Neighbor Totoro,269,Totoro,2213,13393,Makkuro-Kurosuke,549,-1664,0.2480795300497063,MAIN
17895,Golden Time,43669,Kouko Kaga,2201,87748,Nana,162,-2039,0.07360290776919581,MAIN
14227,My Little Monster,37687,Haru Yoshida,2110,37813,Asako Natsume,448,-1662,0.2123222748815166,MAIN
9989,Anohana: The Flower We Saw That Day,40592,Meiko Honma,2031,42942,Atsushi Yadomi,71,-1960,0.034958148695224026,MAIN
6880,Deadman Wonderland,8631,Shiro,1993,21400,Kiwako Flügel Makina,177,-1816,0.08881083793276467,MAIN
153288,Kaiju No. 8,180692,Kafka Hibino,1990,205579,Soushirou Hoshina,2591,601,1.3020100502512564,SUPPORTING
129201,Summer Time Rendering,155706,Mio Kofune,1987,155704,Haine,241,-1746,0.12128837443381983,MAIN
10165,Nichijou - My Ordinary Life,10418,Yuuko Aioi,1814,41617,Izumi Sakurai,247,-1567,0.13616317530319735,MAIN
20661,Terror in Resonance,88096,Twelve,1759,88301,Five,137,-1622,0.0778851620238772,MAIN
20727,Blood Blockade Battlefront,89025,Leonardo Watch,1748,89136,Chain Sumeragi,791,-957,0.4525171624713959,MAIN
21875,"No Game, No Life Zero",123690,Schwi Dola,1703,82525,Shiro,5860,4157,3.440986494421609,SUPPORTING
21647,Orange,66595,Hiroto Suwa,1702,197875,Kakeru no Sobo,5,-1697,0.002937720329024677,MAIN
106286,Weathering With You,139710,Hina Amano,1638,139705,Natsumi Suga,430,-1208,0.2625152625152625,MAIN
159831,Zom 100: Bucket List of the Dead,214582,Shizuka Mikazuki,1528,214589,Sumire Kousaka,79,-1449,0.05170157068062827,MAIN
437,Perfect Blue,4866,Mima Kirigoe,1343,14123,Uchida,41,-1302,0.03052866716306776,MAIN
17265,Log Horizon,81367,Shiroe,1306,81373,Nyanta,368,-938,0.28177641653905056,MAIN
20807,Prison School,64851,Takehito Morokuzu,1240,64847,Hana Midorikawa,1266,26,1.020967741935484,SUPPORTING
47,Akira,2588,Shoutarou Kaneda,1136,16288,Shikishima Taisa,41,-1095,0.03609154929577465,MAIN
16782,The Garden of Words,79465,Yukari Yukino,421,79585,Shouta Akizuki,8,-413,0.019002375296912115,MAIN
1689,5 Centimeters per Second,1810,Takaki Tohno,177,60625,Risa Mizuno,11,-166,0.062146892655367235,MAIN
