anime_id,title_romaji,title_english,title_native,format,status,season,release_year,episodes,duration_minutes,genres,average_score,anime_popularity,anime_favourites,country_of_origin,source,anime_url,snapshot_date,title_display
16498,Shingeki no Kyojin,Attack on Titan,進撃の巨人,TV,FINISHED,SPRING,2013,25.0,24,Action|Drama|Fantasy|Mystery,85,1058434,78821,JP,MANGA,https://anilist.co/anime/16498,2026-09-26,Attack on Titan
101922,Kimetsu no Yaiba,Demon Slayer: Kimetsu no Yaiba,鬼滅の刃,TV,FINISHED,SPRING,2019,26.0,24,Action|Adventure|Drama|Fantasy|Supernatural,82,997567,54487,JP,MANGA,https://anilist.co/anime/101922,2026-09-26,Demon Slayer: Kimetsu no Yaiba
113415,Jujutsu Kaisen,JUJUTSU KAISEN,呪術廻戦,TV,FINISHED,FALL,2020,24.0,24,Action|Drama|Supernatural,84,976380,64673,JP,MANGA,https://anilist.co/anime/113415,2026-09-26,JUJUTSU KAISEN
1535,DEATH NOTE,Death Note,DEATH NOTE,TV,FINISHED,FALL,2006,37.0,23,Mystery|Psychological|Supernatural|Thriller,84,965226,61703,JP,MANGA,https://anilist.co/anime/1535,2026-09-26,Death Note
21459,Boku no Hero Academia,My Hero Academia,僕のヒーローアカデミア,TV,FINISHED,SPRING,2016,13.0,24,Action|Adventure|Comedy,76,876778,29534,JP,MANGA,https://anilist.co/anime/21459,2026-09-26,My Hero Academia
11061,HUNTER×HUNTER (2011),Hunter x Hunter (2011),HUNTER×HUNTER (2011),TV,FINISHED,FALL,2011,148.0,24,Action|Adventure|Fantasy,89,843723,90299,JP,MANGA,https://anilist.co/anime/11061,2026-09-26,Hunter x Hunter (2011)
21087,One Punch Man,One-Punch Man,ワンパンマン,TV,FINISHED,FALL,2015,12.0,24,Action|Comedy|Sci-Fi|Supernatural,82,769404,30716,JP,MANGA,https://anilist.co/anime/21087,2026-09-26,One-Punch Man
21,ONE PIECE,ONE PIECE,ONE PIECE,TV,RELEASING,FALL,1999,,24,Action|Adventure|Comedy|Drama|Fantasy,87,753962,109402,JP,MANGA,https://anilist.co/anime/21,2026-09-26,ONE PIECE
20605,Tokyo Ghoul,Tokyo Ghoul,東京喰種 トーキョーグール,TV,FINISHED,SUMMER,2014,12.0,24,Action|Drama|Horror|Mystery|Psychological|Supernatural,76,742466,24759,JP,MANGA,https://anilist.co/anime/20605,2026-09-26,Tokyo Ghoul
20958,Shingeki no Kyojin Season 2,Attack on Titan Season 2,進撃の巨人 Season２,TV,FINISHED,SPRING,2017,12.0,25,Action|Drama|Fantasy|Mystery,85,736144,19906,JP,MANGA,https://anilist.co/anime/20958,2026-09-26,Attack on Titan Season 2
5114,Hagane no Renkinjutsushi: FULLMETAL ALCHEMIST,Fullmetal Alchemist: Brotherhood,鋼の錬金術師 FULLMETAL ALCHEMIST,TV,FINISHED,SPRING,2009,64.0,25,Action|Adventure|Drama|Fantasy,90,731480,68607,JP,MANGA,https://anilist.co/anime/5114,2026-09-26,Fullmetal Alchemist: Brotherhood
20,NARUTO,Naruto,NARUTO -ナルト-,TV,FINISHED,FALL,2002,220.0,23,Action|Adventure|Comedy|Drama|Fantasy|Supernatural,80,728230,38987,JP,MANGA,https://anilist.co/anime/20,2026-09-26,Naruto
11757,Sword Art Online,Sword Art Online,ソードアート・オンライン,TV,FINISHED,SUMMER,2012,25.0,23,Action|Adventure|Fantasy|Romance,70,721580,24289,JP,LIGHT_NOVEL,https://anilist.co/anime/11757,2026-09-26,Sword Art Online
20954,Koe no Katachi,A Silent Voice,聲の形,MOVIE,FINISHED,SUMMER,2016,1.0,130,Drama|Romance|Slice of Life,88,719209,57274,JP,MANGA,https://anilist.co/anime/20954,2026-09-26,A Silent Voice
21519,Kimi no Na wa.,Your Name.,君の名は。,MOVIE,FINISHED,SUMMER,2016,1.0,107,Drama|Romance|Supernatural,85,716942,43341,JP,ORIGINAL,https://anilist.co/anime/21519,2026-09-26,Your Name.
99147,Shingeki no Kyojin Season 3,Attack on Titan Season 3,進撃の巨人 Season３,TV,FINISHED,SUMMER,2018,12.0,24,Action|Drama|Fantasy|Mystery,86,688687,19870,JP,MANGA,https://anilist.co/anime/99147,2026-09-26,Attack on Titan Season 3
21856,Boku no Hero Academia 2,My Hero Academia Season 2,僕のヒーローアカデミア２,TV,FINISHED,SPRING,2017,25.0,24,Action|Adventure|Comedy,79,657199,11536,JP,MANGA,https://anilist.co/anime/21856,2026-09-26,My Hero Academia Season 2
110277,Shingeki no Kyojin: The Final Season,Attack on Titan Final Season,進撃の巨人 The Final Season,TV,FINISHED,WINTER,2021,16.0,24,Action|Drama|Fantasy|Mystery,87,645056,26230,JP,MANGA,https://anilist.co/anime/110277,2026-09-26,Attack on Titan Final Season
127230,Chainsaw Man,Chainsaw Man,チェンソーマン,TV,FINISHED,FALL,2022,12.0,25,Action|Drama|Horror|Supernatural,83,635997,36265,JP,MANGA,https://anilist.co/anime/127230,2026-09-26,Chainsaw Man
101759,Yakusoku no Neverland,The Promised Neverland,約束のネバーランド,TV,FINISHED,WINTER,2019,12.0,23,Drama|Fantasy|Horror|Mystery|Psychological|Thriller,83,634986,23756,JP,MANGA,https://anilist.co/anime/101759,2026-09-26,The Promised Neverland
20755,Ansatsu Kyoushitsu,Assassination Classroom,暗殺教室,TV,FINISHED,WINTER,2015,22.0,23,Action|Comedy|Drama|Supernatural,79,630341,20997,JP,MANGA,https://anilist.co/anime/20755,2026-09-26,Assassination Classroom
21507,Mob Psycho 100,Mob Psycho 100,モブサイコ100,TV,FINISHED,SUMMER,2016,12.0,24,Action|Comedy|Drama|Psychological|Slice of Life|Supernatural,84,628568,37324,JP,MANGA,https://anilist.co/anime/21507,2026-09-26,Mob Psycho 100
21355,Re:Zero kara Hajimeru Isekai Seikatsu,Re:ZERO -Starting Life in Another World-,Re:ゼロから始める異世界生活,TV,FINISHED,SPRING,2016,25.0,25,Action|Adventure|Drama|Fantasy|Psychological|Romance|Thriller,81,625092,35436,JP,LIGHT_NOVEL,https://anilist.co/anime/21355,2026-09-26,Re:ZERO -Starting Life in Another World-
20665,Shigatsu wa Kimi no Uso,Your lie in April,四月は君の嘘,TV,FINISHED,FALL,2014,22.0,23,Drama|Music|Romance|Slice of Life,84,615598,34504,JP,MANGA,https://anilist.co/anime/20665,2026-09-26,Your lie in April
104578,Shingeki no Kyojin Season 3 Part 2,Attack on Titan Season 3 Part 2,進撃の巨人 Season３ Part.2,TV,FINISHED,SPRING,2019,10.0,24,Action|Drama|Fantasy|Mystery,89,613085,29578,JP,MANGA,https://anilist.co/anime/104578,2026-09-26,Attack on Titan Season 3 Part 2
1735,NARUTO: Shippuuden,Naruto: Shippuden,NARUTO -ナルト- 疾風伝,TV,FINISHED,WINTER,2007,500.0,23,Action|Adventure|Comedy|Drama|Fantasy|Supernatural,82,612475,42726,JP,MANGA,https://anilist.co/anime/1735,2026-09-26,Naruto: Shippuden
21234,Boku dake ga Inai Machi,ERASED,僕だけがいない街,TV,FINISHED,WINTER,2016,12.0,23,Drama|Mystery|Psychological|Supernatural|Thriller,81,607382,25573,JP,MANGA,https://anilist.co/anime/21234,2026-09-26,ERASED
100166,Boku no Hero Academia 3,My Hero Academia Season 3,僕のヒーローアカデミア３,TV,FINISHED,SPRING,2018,25.0,24,Action|Adventure|Comedy|Drama,79,602427,10722,JP,MANGA,https://anilist.co/anime/100166,2026-09-26,My Hero Academia Season 3
9253,Steins;Gate,Steins;Gate,シュタインズ・ゲート,TV,FINISHED,SPRING,2011,24.0,24,Drama|Psychological|Sci-Fi|Thriller,89,596962,54158,JP,VISUAL_NOVEL,https://anilist.co/anime/9253,2026-09-26,Steins;Gate
97940,Black Clover,Black Clover,ブラッククローバー,TV,FINISHED,FALL,2017,170.0,24,Action|Adventure|Comedy|Fantasy,79,586177,30433,JP,MANGA,https://anilist.co/anime/97940,2026-09-26,Black Clover
20464,Haikyuu!!,HAIKYU!!,ハイキュー!!,TV,FINISHED,SPRING,2014,25.0,24,Comedy|Drama|Sports,83,585220,36708,JP,MANGA,https://anilist.co/anime/20464,2026-09-26,HAIKYU!!
101291,Seishun Buta Yarou wa Bunny Girl Senpai no Yume wo Minai,Rascal Does Not Dream of Bunny Girl Senpai,青春ブタ野郎はバニーガール先輩の夢を見ない,TV,FINISHED,FALL,2018,13.0,25,Comedy|Drama|Mystery|Psychological|Romance|Supernatural,81,581845,31470,JP,LIGHT_NOVEL,https://anilist.co/anime/101291,2026-09-26,Rascal Does Not Dream of Bunny Girl Senpai
140960,SPY×FAMILY,SPY x FAMILY,SPY×FAMILY,TV,FINISHED,SPRING,2022,12.0,24,Action|Comedy|Slice of Life|Supernatural,83,572480,26430,JP,MANGA,https://anilist.co/anime/140960,2026-09-26,SPY x FAMILY
101921,Kaguya-sama wa Kokurasetai: Tensaitachi no Renai Zunousen,Kaguya-sama: Love is War,かぐや様は告らせたい～天才たちの恋愛頭脳戦～,TV,FINISHED,WINTER,2019,12.0,24,Comedy|Psychological|Romance|Slice of Life,83,560887,28874,JP,MANGA,https://anilist.co/anime/101921,2026-09-26,Kaguya-sama: Love is War
105333,Dr. STONE,Dr. STONE,Dr.STONE,TV,FINISHED,SUMMER,2019,24.0,24,Action|Adventure|Comedy|Sci-Fi,81,556706,24292,JP,MANGA,https://anilist.co/anime/105333,2026-09-26,Dr. STONE
21827,Violet Evergarden,Violet Evergarden,ヴァイオレット・エヴァーガーデン,TV,FINISHED,WINTER,2018,13.0,24,Drama|Fantasy|Slice of Life,85,549294,37460,JP,LIGHT_NOVEL,https://anilist.co/anime/21827,2026-09-26,Violet Evergarden
101348,VINLAND SAGA,Vinland Saga,ヴィンランド・サガ,TV,FINISHED,SUMMER,2019,24.0,24,Action|Adventure|Drama,87,548232,37932,JP,MANGA,https://anilist.co/anime/101348,2026-09-26,Vinland Saga
4224,Toradora!,Toradora!,とらドラ！,TV,FINISHED,FALL,2008,25.0,24,Comedy|Drama|Romance|Slice of Life,77,544071,20640,JP,LIGHT_NOVEL,https://anilist.co/anime/4224,2026-09-26,Toradora!
124080,Horimiya,Horimiya,ホリミヤ,TV,FINISHED,WINTER,2021,13.0,24,Comedy|Romance|Slice of Life,81,543805,31987,JP,MANGA,https://anilist.co/anime/124080,2026-09-26,Horimiya
19815,No Game No Life,"No Game, No Life",ノーゲーム・ノーライフ,TV,FINISHED,SPRING,2014,12.0,24,Adventure|Comedy|Ecchi|Fantasy,77,542590,18746,JP,LIGHT_NOVEL,https://anilist.co/anime/19815,2026-09-26,"No Game, No Life"
20613,Akame ga Kill!,Akame ga Kill!,アカメが斬る！,TV,FINISHED,SUMMER,2014,24.0,24,Action|Adventure|Drama|Fantasy|Horror|Psychological|Thriller,73,541199,15479,JP,MANGA,https://anilist.co/anime/20613,2026-09-26,Akame ga Kill!
20447,Noragami,Noragami,ノラガミ,TV,FINISHED,WINTER,2014,12.0,24,Action|Adventure|Comedy|Supernatural,78,540625,17087,JP,MANGA,https://anilist.co/anime/20447,2026-09-26,Noragami
104276,Boku no Hero Academia 4,My Hero Academia Season 4,僕のヒーローアカデミア４,TV,FINISHED,FALL,2019,25.0,24,Action|Adventure|Comedy|Drama|Sci-Fi,78,534035,10187,JP,MANGA,https://anilist.co/anime/104276,2026-09-26,My Hero Academia Season 4
20789,Nanatsu no Taizai,The Seven Deadly Sins,七つの大罪,TV,FINISHED,FALL,2014,24.0,25,Action|Adventure|Comedy|Ecchi|Fantasy|Supernatural,72,530854,10588,JP,MANGA,https://anilist.co/anime/20789,2026-09-26,The Seven Deadly Sins
269,BLEACH,Bleach,BLEACH,TV,FINISHED,FALL,2004,366.0,24,Action|Adventure|Supernatural,79,524086,32486,JP,MANGA,https://anilist.co/anime/269,2026-09-26,Bleach
21202,Kono Subarashii Sekai ni Shukufuku wo!,KONOSUBA -God's blessing on this wonderful world!,この素晴らしい世界に祝福を！,TV,FINISHED,WINTER,2016,10.0,23,Adventure|Comedy|Ecchi|Fantasy,79,520174,22675,JP,LIGHT_NOVEL,https://anilist.co/anime/21202,2026-09-26,KONOSUBA -God's blessing on this wonderful world!
112151,Kimetsu no Yaiba: Mugen Ressha-hen,Demon Slayer -Kimetsu no Yaiba- The Movie: Mugen Train,鬼滅の刃 無限列車編,MOVIE,FINISHED,FALL,2020,1.0,117,Action|Adventure|Drama|Fantasy|Mystery|Supernatural,84,510147,13682,JP,MANGA,https://anilist.co/anime/112151,2026-09-26,Demon Slayer -Kimetsu no Yaiba- The Movie: Mugen Train
1575,Code Geass: Hangyaku no Lelouch,Code Geass: Lelouch of the Rebellion,コードギアス 反逆のルルーシュ,TV,FINISHED,FALL,2006,25.0,24,Action|Drama|Mecha|Sci-Fi|Thriller,85,502690,33874,JP,ORIGINAL,https://anilist.co/anime/1575,2026-09-26,Code Geass: Lelouch of the Rebellion
20623,Kiseijuu: Sei no Kakuritsu,Parasyte -the maxim-,寄生獣 セイの格率,TV,FINISHED,FALL,2014,24.0,24,Action|Drama|Horror|Psychological|Sci-Fi,81,502279,18399,JP,MANGA,https://anilist.co/anime/20623,2026-09-26,Parasyte -the maxim-
99423,Darling in the Franxx,DARLING in the FRANXX,ダーリン・イン・ザ・フランキス,TV,FINISHED,WINTER,2018,24.0,24,Action|Drama|Mecha|Psychological|Romance|Sci-Fi,69,502011,18711,JP,ORIGINAL,https://anilist.co/anime/99423,2026-09-26,DARLING in the FRANXX
30,Shin Seiki Evangelion,Neon Genesis Evangelion,新世紀エヴァンゲリオン,TV,FINISHED,FALL,1995,26.0,24,Action|Drama|Mecha|Mystery|Psychological|Sci-Fi,83,496838,43288,JP,ORIGINAL,https://anilist.co/anime/30,2026-09-26,Neon Genesis Evangelion
145064,Jujutsu Kaisen 2nd Season,JUJUTSU KAISEN Season 2,呪術廻戦 第2期,TV,FINISHED,SUMMER,2023,23.0,24,Action|Drama|Supernatural,86,494148,23036,JP,MANGA,https://anilist.co/anime/145064,2026-09-26,JUJUTSU KAISEN Season 2
142329,Kimetsu no Yaiba: Yuukaku-hen,Demon Slayer: Kimetsu no Yaiba Entertainment District Arc,鬼滅の刃 遊郭編,TV,FINISHED,WINTER,2022,11.0,24,Action|Adventure|Fantasy|Supernatural,86,486085,17236,JP,MANGA,https://anilist.co/anime/142329,2026-09-26,Demon Slayer: Kimetsu no Yaiba Entertainment District Arc
105310,Enen no Shouboutai,Fire Force,炎炎ノ消防隊,TV,FINISHED,SUMMER,2019,24.0,24,Action|Drama|Sci-Fi|Supernatural,76,485395,13015,JP,MANGA,https://anilist.co/anime/105310,2026-09-26,Fire Force
154587,Sousou no Frieren,Frieren: Beyond Journey’s End,葬送のフリーレン,TV,FINISHED,FALL,2023,28.0,24,Adventure|Drama|Fantasy,91,483340,56381,JP,MANGA,https://anilist.co/anime/154587,2026-09-26,Frieren: Beyond Journey’s End
199,Sen to Chihiro no Kamikakushi,Spirited Away,千と千尋の神隠し,MOVIE,FINISHED,SUMMER,2001,1.0,125,Adventure|Drama|Fantasy|Supernatural,86,482228,22615,JP,ORIGINAL,https://anilist.co/anime/199,2026-09-26,Spirited Away
14719,JoJo no Kimyou na Bouken (TV),JoJo's Bizarre Adventure (TV),ジョジョの奇妙な冒険 (TV),TV,FINISHED,FALL,2012,26.0,24,Action|Adventure|Supernatural,77,480012,18573,JP,MANGA,https://anilist.co/anime/14719,2026-09-26,JoJo's Bizarre Adventure (TV)
1,Cowboy Bebop,Cowboy Bebop,カウボーイビバップ,TV,FINISHED,SPRING,1998,26.0,24,Action|Adventure|Drama|Sci-Fi,86,469247,32284,JP,ORIGINAL,https://anilist.co/anime/1,2026-09-26,Cowboy Bebop
97668,One Punch Man 2,One-Punch Man Season 2,ワンパンマン 2,TV,FINISHED,SPRING,2019,12.0,24,Action|Comedy|Sci-Fi|Supernatural,74,468823,7689,JP,MANGA,https://anilist.co/anime/97668,2026-09-26,One-Punch Man Season 2
20931,Death Parade,Death Parade,デス・パレード,TV,FINISHED,WINTER,2015,12.0,23,Drama|Mystery|Psychological|Supernatural|Thriller,80,468683,15117,JP,ORIGINAL,https://anilist.co/anime/20931,2026-09-26,Death Parade
101280,Tensei Shitara Slime Datta Ken,That Time I Got Reincarnated as a Slime,転生したらスライムだった件,TV,FINISHED,FALL,2018,24.0,24,Action|Adventure|Comedy|Fantasy,80,465034,22540,JP,LIGHT_NOVEL,https://anilist.co/anime/101280,2026-09-26,That Time I Got Reincarnated as a Slime
9919,Ao no Exorcist,Blue Exorcist,青の祓魔師,TV,FINISHED,SPRING,2011,25.0,24,Action|Fantasy|Supernatural,72,462566,8248,JP,MANGA,https://anilist.co/anime/9919,2026-09-26,Blue Exorcist
99263,Tate no Yuusha no Nariagari,The Rising of the Shield Hero,盾の勇者の成り上がり,TV,FINISHED,WINTER,2019,25.0,24,Action|Adventure|Fantasy,76,462383,16486,JP,LIGHT_NOVEL,https://anilist.co/anime/99263,2026-09-26,The Rising of the Shield Hero
108465,Mushoku Tensei: Isekai Ittara Honki Dasu,Mushoku Tensei: Jobless Reincarnation,無職転生 ～異世界行ったら本気だす～,TV,FINISHED,WINTER,2021,11.0,24,Adventure|Drama|Ecchi|Fantasy,82,460299,25933,JP,LIGHT_NOVEL,https://anilist.co/anime/108465,2026-09-26,Mushoku Tensei: Jobless Reincarnation
98314,Kakegurui,Kakegurui,賭ケグルイ,TV,FINISHED,SUMMER,2017,12.0,25,Drama|Mystery|Psychological,70,457372,8726,JP,MANGA,https://anilist.co/anime/98314,2026-09-26,Kakegurui
20594,Sword Art Online II,Sword Art Online II,ソードアート・オンライン II,TV,FINISHED,SUMMER,2014,24.0,24,Action|Adventure|Fantasy|Sci-Fi,65,453173,6394,JP,LIGHT_NOVEL,https://anilist.co/anime/20594,2026-09-26,Sword Art Online II
101338,Mob Psycho 100 II,Mob Psycho 100 II,モブサイコ100 II,TV,FINISHED,WINTER,2019,13.0,24,Action|Comedy|Drama|Psychological|Slice of Life|Supernatural,87,450608,24749,JP,MANGA,https://anilist.co/anime/101338,2026-09-26,Mob Psycho 100 II
98659,Youkoso Jitsuryoku Shijou Shugi no Kyoushitsu e,Classroom of the Elite,ようこそ実力至上主義の教室へ,TV,FINISHED,SUMMER,2017,12.0,24,Drama|Psychological,76,449339,15705,JP,LIGHT_NOVEL,https://anilist.co/anime/98659,2026-09-26,Classroom of the Elite
151807,Ore dake Level Up na Ken,Solo Leveling,俺だけレベルアップな件,TV,FINISHED,WINTER,2024,12.0,24,Action|Adventure|Fantasy,80,448980,20941,JP,OTHER,https://anilist.co/anime/151807,2026-09-26,Solo Leveling
120120,Tokyo Revengers,Tokyo Revengers,東京リベンジャーズ,TV,FINISHED,SPRING,2021,24.0,24,Action|Drama|Romance|Supernatural,77,447200,17010,JP,MANGA,https://anilist.co/anime/120120,2026-09-26,Tokyo Revengers
6547,Angel Beats!,Angel Beats!,Angel Beats!,TV,FINISHED,SPRING,2010,13.0,24,Action|Comedy|Drama|Supernatural,77,444500,14602,JP,ORIGINAL,https://anilist.co/anime/6547,2026-09-26,Angel Beats!
131681,Shingeki no Kyojin: The Final Season Part 2,Attack on Titan Final Season Part 2,進撃の巨人 The Final Season Part 2,TV,FINISHED,WINTER,2022,12.0,24,Action|Drama|Fantasy|Mystery|Psychological,87,442521,15695,JP,MANGA,https://anilist.co/anime/131681,2026-09-26,Attack on Titan Final Season Part 2
131573,Jujutsu Kaisen 0,JUJUTSU KAISEN 0,呪術廻戦 0,MOVIE,FINISHED,FALL,2021,1.0,105,Action|Supernatural,83,438577,12435,JP,MANGA,https://anilist.co/anime/131573,2026-09-26,JUJUTSU KAISEN 0
112641,Kaguya-sama wa Kokurasetai?: Tensaitachi no Renai Zunousen,Kaguya-sama: Love is War?,かぐや様は告らせたい？～天才たちの恋愛頭脳戦～,TV,FINISHED,SPRING,2020,12.0,25,Comedy|Psychological|Romance|Slice of Life,85,436001,16799,JP,MANGA,https://anilist.co/anime/112641,2026-09-26,Kaguya-sama: Love is War?
20997,Charlotte,,Charlotte(シャーロット),TV,FINISHED,SUMMER,2015,13.0,24,Comedy|Drama|Romance|Sci-Fi|Supernatural,75,435411,15116,JP,ORIGINAL,https://anilist.co/anime/20997,2026-09-26,Charlotte
10620,Mirai Nikki,The Future Diary,未来日記,TV,FINISHED,FALL,2011,26.0,23,Action|Horror|Mystery|Psychological|Supernatural|Thriller,69,432404,9601,JP,MANGA,https://anilist.co/anime/10620,2026-09-26,The Future Diary
132405,Sono Bisque Doll wa Koi wo Suru,My Dress-Up Darling,その着せ替え人形は恋をする,TV,FINISHED,WINTER,2022,12.0,24,Comedy|Ecchi|Romance|Slice of Life,80,431785,20100,JP,MANGA,https://anilist.co/anime/132405,2026-09-26,My Dress-Up Darling
21311,Bungou Stray Dogs,Bungo Stray Dogs,文豪ストレイドッグス,TV,FINISHED,SPRING,2016,12.0,24,Action|Comedy|Mystery|Supernatural,77,422350,16448,JP,MANGA,https://anilist.co/anime/21311,2026-09-26,Bungo Stray Dogs
117193,Boku no Hero Academia 5,My Hero Academia Season 5,僕のヒーローアカデミア５,TV,FINISHED,SPRING,2021,25.0,24,Action|Adventure|Comedy|Sci-Fi,73,416132,6945,JP,MANGA,https://anilist.co/anime/117193,2026-09-26,My Hero Academia Season 5
18679,Kill la Kill,Kill la Kill,キルラキル,TV,FINISHED,FALL,2013,24.0,24,Action|Comedy|Ecchi,79,416038,16785,JP,ORIGINAL,https://anilist.co/anime/18679,2026-09-26,Kill la Kill
20850,Tokyo Ghoul √A,Tokyo Ghoul √A,東京喰種[トーキョーグール]√A,TV,FINISHED,WINTER,2015,12.0,24,Action|Drama|Horror|Mystery|Psychological|Supernatural,67,408048,6286,JP,MANGA,https://anilist.co/anime/20850,2026-09-26,Tokyo Ghoul √A
97986,Made in Abyss,Made in Abyss,メイドインアビス,TV,FINISHED,SUMMER,2017,13.0,25,Adventure|Drama|Fantasy|Horror|Mystery|Sci-Fi,84,406652,22486,JP,MANGA,https://anilist.co/anime/97986,2026-09-26,Made in Abyss
20832,Overlord,Overlord,オーバーロード,TV,FINISHED,SUMMER,2015,13.0,24,Action|Adventure|Fantasy,76,405971,14306,JP,LIGHT_NOVEL,https://anilist.co/anime/20832,2026-09-26,Overlord
20923,Shokugeki no Souma,Food Wars!,食戟のソーマ,TV,FINISHED,SPRING,2015,24.0,25,Comedy|Ecchi,78,404279,10923,JP,MANGA,https://anilist.co/anime/20923,2026-09-26,Food Wars!
20992,Haikyuu!! 2nd Season,HAIKYU!! 2nd Season,ハイキュー!! セカンドシーズン,TV,FINISHED,FALL,2015,25.0,24,Comedy|Drama|Sports,86,400007,12745,JP,MANGA,https://anilist.co/anime/20992,2026-09-26,HAIKYU!! 2nd Season
20920,Dungeon ni Deai wo Motomeru no wa Machigatteiru Darou ka,Is It Wrong to Try to Pick Up Girls in a Dungeon?,ダンジョンに出会いを求めるのは間違っているだろうか,TV,FINISHED,SPRING,2015,13.0,24,Action|Adventure|Comedy|Fantasy|Romance,73,398088,9353,JP,LIGHT_NOVEL,https://anilist.co/anime/20920,2026-09-26,Is It Wrong to Try to Pick Up Girls in a Dungeon?
15809,Hataraku Maou-sama!,The Devil is a Part-Timer!,はたらく魔王さま!,TV,FINISHED,SPRING,2013,13.0,24,Comedy|Fantasy|Romance|Slice of Life,75,397260,6916,JP,LIGHT_NOVEL,https://anilist.co/anime/15809,2026-09-26,The Devil is a Part-Timer!
9989,Ano Hi Mita Hana no Namae wo Bokutachi wa Mada Shiranai.,Anohana: The Flower We Saw That Day,あの日見た花の名前を僕達はまだ知らない。,TV,FINISHED,SPRING,2011,11.0,22,Drama|Romance|Slice of Life|Supernatural,80,395440,11684,JP,ORIGINAL,https://anilist.co/anime/9989,2026-09-26,Anohana: The Flower We Saw That Day
3588,Soul Eater,Soul Eater,ソウルイーター,TV,FINISHED,SPRING,2008,51.0,24,Action|Adventure|Comedy|Fantasy|Supernatural,77,394642,15437,JP,MANGA,https://anilist.co/anime/3588,2026-09-26,Soul Eater
120377,Cyberpunk: Edgerunners,Cyberpunk: Edgerunners,サイバーパンク エッジランナーズ,ONA,FINISHED,SUMMER,2022,10.0,24,Action|Drama|Psychological|Sci-Fi,85,390045,30257,JP,VIDEO_GAME,https://anilist.co/anime/120377,2026-09-26,Cyberpunk: Edgerunners
171018,Dandadan,DAN DA DAN,ダンダダン,TV,FINISHED,FALL,2024,12.0,24,Action|Comedy|Drama|Romance|Sci-Fi|Supernatural,83,387594,19341,JP,MANGA,https://anilist.co/anime/171018,2026-09-26,DAN DA DAN
11111,Another,Another,アナザー,TV,FINISHED,WINTER,2012,12.0,24,Horror|Mystery|Psychological|Supernatural|Thriller,71,386255,8368,JP,LIGHT_NOVEL,https://anilist.co/anime/11111,2026-09-26,Another
14813,Yahari Ore no Seishun Love Come wa Machigatteiru.,My Teen Romantic Comedy SNAFU,やはり俺の青春ラブコメはまちがっている。,TV,FINISHED,SPRING,2013,13.0,24,Comedy|Drama|Romance|Slice of Life,78,383292,13648,JP,LIGHT_NOVEL,https://anilist.co/anime/14813,2026-09-26,My Teen Romantic Comedy SNAFU
108632,Re:Zero kara Hajimeru Isekai Seikatsu 2nd Season,Re:ZERO -Starting Life in Another World- Season 2,Re:ゼロから始める異世界生活 2nd Season,TV,FINISHED,SUMMER,2020,13.0,26,Action|Adventure|Drama|Fantasy|Psychological|Thriller,83,381804,12114,JP,LIGHT_NOVEL,https://anilist.co/anime/108632,2026-09-26,Re:ZERO -Starting Life in Another World- Season 2
2001,Tengen Toppa Gurren Lagann,Gurren Lagann,天元突破グレンラガン,TV,FINISHED,SPRING,2007,27.0,24,Action|Comedy|Drama|Mecha|Romance|Sci-Fi,85,381353,28529,JP,ORIGINAL,https://anilist.co/anime/2001,2026-09-26,Gurren Lagann
6702,FAIRY TAIL,Fairy Tail,FAIRY TAIL,TV,FINISHED,FALL,2009,175.0,24,Action|Adventure|Comedy|Fantasy,72,381147,14261,JP,MANGA,https://anilist.co/anime/6702,2026-09-26,Fairy Tail
21699,Kono Subarashii Sekai ni Shukufuku wo! 2,KONOSUBA -God's blessing on this wonderful world! 2,この素晴らしい世界に祝福を！2,TV,FINISHED,WINTER,2017,10.0,23,Adventure|Comedy|Ecchi|Fantasy,81,377989,9254,JP,LIGHT_NOVEL,https://anilist.co/anime/21699,2026-09-26,KONOSUBA -God's blessing on this wonderful world! 2
99750,Kimi no Suizou wo Tabetai,I Want to Eat Your Pancreas,君の膵臓をたべたい,MOVIE,FINISHED,SUMMER,2018,1.0,108,Drama|Romance|Slice of Life,84,376381,19673,JP,OTHER,https://anilist.co/anime/99750,2026-09-26,I Want to Eat Your Pancreas
101347,Dororo,Dororo,どろろ,TV,FINISHED,WINTER,2019,24.0,24,Action|Adventure|Drama|Supernatural,81,376021,16092,JP,MANGA,https://anilist.co/anime/101347,2026-09-26,Dororo
145139,Kimetsu no Yaiba: Katanakaji no Sato-hen,Demon Slayer: Kimetsu no Yaiba Swordsmith Village Arc,鬼滅の刃 刀鍛冶の里編,TV,FINISHED,SPRING,2023,11.0,24,Action|Adventure|Drama|Fantasy|Supernatural,80,374882,9829,JP,MANGA,https://anilist.co/anime/145139,2026-09-26,Demon Slayer: Kimetsu no Yaiba Swordsmith Village Arc
21170,Ansatsu Kyoushitsu 2nd Season,Assassination Classroom Second Season,暗殺教室 第２期,TV,FINISHED,WINTER,2016,25.0,23,Action|Comedy|Drama|Supernatural,83,370784,11628,JP,MANGA,https://anilist.co/anime/21170,2026-09-26,Assassination Classroom Second Season
431,Howl no Ugoku Shiro,Howl‘s Moving Castle,ハウルの動く城,MOVIE,FINISHED,FALL,2004,1.0,119,Adventure|Drama|Fantasy|Romance,85,364784,22706,JP,OTHER,https://anilist.co/anime/431,2026-09-26,Howl‘s Moving Castle
2904,Code Geass: Hangyaku no Lelouch R2,Code Geass: Lelouch of the Rebellion R2,コードギアス 反逆のルルーシュ R2,TV,FINISHED,SPRING,2008,25.0,24,Action|Drama|Mecha|Sci-Fi|Thriller,87,364388,22334,JP,ORIGINAL,https://anilist.co/anime/2904,2026-09-26,Code Geass: Lelouch of the Rebellion R2
128893,Jigokuraku,Hell’s Paradise,地獄楽,TV,FINISHED,SPRING,2023,13.0,24,Action|Adventure|Mystery|Supernatural,80,363643,11947,JP,MANGA,https://anilist.co/anime/128893,2026-09-26,Hell’s Paradise
21698,Haikyuu!!: Karasuno Koukou VS Shiratorizawa Gakuen Koukou,HAIKYU!! 3rd Season,ハイキュー!! 烏野高校 VS 白鳥沢学園高校,TV,FINISHED,FALL,2016,10.0,25,Comedy|Drama|Sports,87,363471,13172,JP,MANGA,https://anilist.co/anime/21698,2026-09-26,HAIKYU!! 3rd Season
129874,Kimetsu no Yaiba: Mugen Ressha-hen (TV),Demon Slayer: Kimetsu no Yaiba Mugen Train Arc,鬼滅の刃 無限列車編 (TV),TV,FINISHED,FALL,2021,7.0,23,Action|Adventure|Drama|Fantasy|Mystery|Supernatural,82,362471,7312,JP,MANGA,https://anilist.co/anime/129874,2026-09-26,Demon Slayer: Kimetsu no Yaiba Mugen Train Arc
21804,Saiki Kusuo no Ψ-nan,The Disastrous Life of Saiki K.,斉木楠雄のΨ難,TV_SHORT,FINISHED,SUMMER,2016,120.0,5,Comedy|Slice of Life|Supernatural,83,360064,21636,JP,MANGA,https://anilist.co/anime/21804,2026-09-26,The Disastrous Life of Saiki K.
13601,PSYCHO-PASS,PSYCHO-PASS,PSYCHO-PASS サイコパス,TV,FINISHED,FALL,2012,22.0,23,Action|Psychological|Sci-Fi|Thriller,81,357465,13810,JP,ORIGINAL,https://anilist.co/anime/13601,2026-09-26,PSYCHO-PASS
106286,Tenki no Ko,Weathering With You,天気の子,MOVIE,FINISHED,SUMMER,2019,1.0,115,Drama|Romance|Slice of Life|Supernatural,81,357434,13175,JP,ORIGINAL,https://anilist.co/anime/106286,2026-09-26,Weathering With You
14741,Chuunibyou demo Koi ga Shitai!,"Love, Chunibyo & Other Delusions",中二病でも恋がしたい!,TV,FINISHED,FALL,2012,12.0,24,Comedy|Drama|Romance|Slice of Life,75,354591,10450,JP,LIGHT_NOVEL,https://anilist.co/anime/14741,2026-09-26,"Love, Chunibyo & Other Delusions"
98460,DEVILMAN crybaby,Devilman Crybaby,DEVILMAN crybaby,ONA,FINISHED,WINTER,2018,10.0,25,Action|Drama|Horror|Psychological|Supernatural,76,353918,16075,JP,MANGA,https://anilist.co/anime/98460,2026-09-26,Devilman Crybaby
12189,Hyouka,Hyouka,氷菓,TV,FINISHED,SPRING,2012,22.0,26,Mystery|Romance|Slice of Life,79,353252,13127,JP,LIGHT_NOVEL,https://anilist.co/anime/12189,2026-09-26,Hyouka
10087,Fate/Zero,Fate/Zero,Fate/Zero,TV,FINISHED,FALL,2011,13.0,24,Action|Drama|Fantasy|Supernatural,81,349124,12343,JP,LIGHT_NOVEL,https://anilist.co/anime/10087,2026-09-26,Fate/Zero
20474,JoJo no Kimyou na Bouken: Stardust Crusaders,JoJo's Bizarre Adventure: Stardust Crusaders,ジョジョの奇妙な冒険 スターダストクルセイダース,TV,FINISHED,SPRING,2014,24.0,24,Action|Adventure|Supernatural,79,345747,13688,JP,MANGA,https://anilist.co/anime/20474,2026-09-26,JoJo's Bizarre Adventure: Stardust Crusaders
19,MONSTER,Monster,MONSTER,TV,FINISHED,SPRING,2004,74.0,24,Drama|Horror|Mystery|Psychological|Thriller,88,343497,24637,JP,MANGA,https://anilist.co/anime/19,2026-09-26,Monster
5081,Bakemonogatari,Bakemonogatari,化物語,TV,FINISHED,SUMMER,2009,15.0,24,Comedy|Drama|Mystery|Psychological|Romance|Supernatural,82,343339,18310,JP,LIGHT_NOVEL,https://anilist.co/anime/5081,2026-09-26,Bakemonogatari
115230,Kami no Tou: Tower of God,Tower of God,神之塔 -Tower of God-,TV,FINISHED,SPRING,2020,13.0,25,Action|Adventure|Drama|Fantasy|Mystery,74,336708,7550,JP,MANGA,https://anilist.co/anime/115230,2026-09-26,Tower of God
113936,Dr. STONE: STONE WARS,Dr. STONE: STONE WARS,Dr.STONE STONE WARS,TV,FINISHED,WINTER,2021,11.0,24,Action|Adventure|Comedy|Sci-Fi,81,336423,7393,JP,MANGA,https://anilist.co/anime/113936,2026-09-26,Dr. STONE: STONE WARS
150672,[Oshi no Ko],OSHI NO KO,【推しの子】,TV,FINISHED,SPRING,2023,11.0,24,Drama|Mystery|Psychological|Supernatural,84,330858,18931,JP,MANGA,https://anilist.co/anime/150672,2026-09-26,OSHI NO KO
21776,Kobayashi-san Chi no Maidragon,Miss Kobayashi's Dragon Maid,小林さんちのメイドラゴン,TV,FINISHED,WINTER,2017,13.0,24,Comedy|Fantasy|Slice of Life,77,330772,10564,JP,MANGA,https://anilist.co/anime/21776,2026-09-26,Miss Kobayashi's Dragon Maid
142838,SPY×FAMILY Part 2,SPY x FAMILY Cour 2,SPY×FAMILY 第2クール,TV,FINISHED,FALL,2022,13.0,24,Action|Comedy|Slice of Life|Supernatural,81,330194,7177,JP,MANGA,https://anilist.co/anime/142838,2026-09-26,SPY x FAMILY Cour 2
20829,Owari no Seraph,Seraph of the End: Vampire Reign,終わりのセラフ,TV,FINISHED,SPRING,2015,12.0,24,Action|Drama|Fantasy|Mystery|Supernatural,73,329838,8228,JP,MANGA,https://anilist.co/anime/20829,2026-09-26,Seraph of the End: Vampire Reign
99578,Wotaku ni Koi wa Muzukashii,Wotakoi: Love is Hard for Otaku,ヲタクに恋は難しい,TV,FINISHED,SPRING,2018,11.0,23,Comedy|Romance|Slice of Life,78,329402,11614,JP,MANGA,https://anilist.co/anime/99578,2026-09-26,Wotakoi: Love is Hard for Otaku
161645,Kusuriya no Hitorigoto,The Apothecary Diaries,薬屋のひとりごと,TV,FINISHED,FALL,2023,24.0,23,Drama|Mystery,88,328100,27495,JP,LIGHT_NOVEL,https://anilist.co/anime/161645,2026-09-26,The Apothecary Diaries
9756,Mahou Shoujo Madoka☆Magica,Puella Magi Madoka Magica,魔法少女まどか☆マギカ,TV,FINISHED,WINTER,2011,12.0,24,Action|Drama|Fantasy|Mahou Shoujo|Psychological|Thriller,83,327924,24808,JP,ORIGINAL,https://anilist.co/anime/9756,2026-09-26,Puella Magi Madoka Magica
137822,Blue Lock,BLUE LOCK,ブルーロック,TV,FINISHED,FALL,2022,24.0,25,Action|Drama|Sports,79,326877,13225,JP,MANGA,https://anilist.co/anime/137822,2026-09-26,BLUE LOCK
127720,Mushoku Tensei: Isekai Ittara Honki Dasu Part 2,Mushoku Tensei: Jobless Reincarnation Cour 2,無職転生 ～異世界行ったら本気だす～ 第2クール,TV,FINISHED,FALL,2021,12.0,24,Adventure|Drama|Ecchi|Fantasy,85,325835,13255,JP,LIGHT_NOVEL,https://anilist.co/anime/127720,2026-09-26,Mushoku Tensei: Jobless Reincarnation Cour 2
116589,86: Eighty Six,86 EIGHTY-SIX,86－エイティシックス－,TV,FINISHED,SPRING,2021,11.0,24,Action|Drama|Mecha|Sci-Fi,83,325656,19142,JP,LIGHT_NOVEL,https://anilist.co/anime/116589,2026-09-26,86 EIGHTY-SIX
103572,Go-toubun no Hanayome,The Quintessential Quintuplets,五等分の花嫁,TV,FINISHED,WINTER,2019,12.0,24,Comedy|Drama|Romance|Slice of Life,76,324573,11965,JP,MANGA,https://anilist.co/anime/103572,2026-09-26,The Quintessential Quintuplets
108511,Tensei Shitara Slime Datta Ken 2nd Season,That Time I Got Reincarnated as a Slime Season 2,転生したらスライムだった件 第2期,TV,FINISHED,WINTER,2021,12.0,24,Action|Adventure|Comedy|Fantasy,82,322902,10345,JP,LIGHT_NOVEL,https://anilist.co/anime/108511,2026-09-26,That Time I Got Reincarnated as a Slime Season 2
108725,Yakusoku no Neverland 2,The Promised Neverland Season 2,約束のネバーランド2,TV,FINISHED,WINTER,2021,11.0,23,Action|Adventure|Drama|Fantasy|Horror|Psychological|Thriller,51,322446,3119,JP,MANGA,https://anilist.co/anime/108725,2026-09-26,The Promised Neverland Season 2
133965,"Komi-san wa, Komyushou desu.",Komi Can’t Communicate,古見さんは、コミュ症です。,TV,FINISHED,FALL,2021,12.0,24,Comedy|Romance|Slice of Life,76,322178,8951,JP,MANGA,https://anilist.co/anime/133965,2026-09-26,Komi Can’t Communicate
114535,Fumetsu no Anata e,To Your Eternity,不滅のあなたへ,TV,FINISHED,SPRING,2021,20.0,25,Adventure|Drama|Fantasy|Psychological|Supernatural,81,318487,10322,JP,MANGA,https://anilist.co/anime/114535,2026-09-26,To Your Eternity
21450,JoJo no Kimyou na Bouken: Diamond wa Kudakenai,JoJo's Bizarre Adventure: Diamond is Unbreakable,ジョジョの奇妙な冒険 ダイヤモンドは砕けない,TV,FINISHED,SPRING,2016,39.0,24,Action|Adventure|Drama|Mystery|Supernatural,84,316606,23342,JP,MANGA,https://anilist.co/anime/21450,2026-09-26,JoJo's Bizarre Adventure: Diamond is Unbreakable
130298,Kage no Jitsuryokusha ni Naritakute!,The Eminence in Shadow,陰の実力者になりたくて！,TV,FINISHED,FALL,2022,20.0,24,Action|Comedy|Fantasy,81,316028,16714,JP,LIGHT_NOVEL,https://anilist.co/anime/130298,2026-09-26,The Eminence in Shadow
11617,High School DxD,High School DxD,ハイスクールD×D,TV,FINISHED,WINTER,2012,12.0,24,Action|Comedy|Ecchi|Fantasy|Romance,69,315363,8355,JP,LIGHT_NOVEL,https://anilist.co/anime/11617,2026-09-26,High School DxD
105334,Fruits Basket: 1st Season,Fruits Basket (2019),フルーツバスケット 1st Season,TV,FINISHED,SPRING,2019,25.0,24,Comedy|Drama|Romance|Slice of Life|Supernatural,82,312296,14609,JP,MANGA,https://anilist.co/anime/105334,2026-09-26,Fruits Basket (2019)
21128,Noragami ARAGOTO,Noragami Aragoto,ノラガミ ARAGOTO,TV,FINISHED,FALL,2015,13.0,24,Action|Adventure|Comedy|Supernatural,80,311953,6783,JP,MANGA,https://anilist.co/anime/21128,2026-09-26,Noragami Aragoto
176496,Ore dake Level Up na Ken: Season 2 - Arise from the Shadow,Solo Leveling Season 2 -Arise from the Shadow-,俺だけレベルアップな件 Season 2 -Arise from the Shadow-,TV,FINISHED,WINTER,2025,13.0,24,Action|Adventure|Fantasy,84,311510,14162,JP,OTHER,https://anilist.co/anime/176496,2026-09-26,Solo Leveling Season 2 -Arise from the Shadow-
100388,BANANA FISH,BANANA FISH,BANANA FISH,TV,FINISHED,SUMMER,2018,24.0,23,Action|Drama|Psychological|Thriller,83,310222,18196,JP,MANGA,https://anilist.co/anime/100388,2026-09-26,BANANA FISH
113813,"Kanojo, Okarishimasu",Rent-a-Girlfriend,彼女、お借りします,TV,FINISHED,SUMMER,2020,12.0,24,Comedy|Drama|Romance,65,309592,6110,JP,MANGA,https://anilist.co/anime/113813,2026-09-26,Rent-a-Girlfriend
119661,Re:Zero kara Hajimeru Isekai Seikatsu 2nd Season Part 2,Re:ZERO -Starting Life in Another World- Season 2 Part 2,Re:ゼロから始める異世界生活 2nd Season Part 2,TV,FINISHED,WINTER,2021,12.0,30,Action|Adventure|Drama|Fantasy|Psychological|Romance|Thriller,84,309266,10712,JP,LIGHT_NOVEL,https://anilist.co/anime/119661,2026-09-26,Re:ZERO -Starting Life in Another World- Season 2 Part 2
100240,Tokyo Ghoul:re,Tokyo Ghoul:re,東京喰種-トーキョーグール-:re,TV,FINISHED,SPRING,2018,12.0,24,Action|Horror|Mystery|Psychological|Supernatural,61,308857,3571,JP,MANGA,https://anilist.co/anime/100240,2026-09-26,Tokyo Ghoul:re
101165,Goblin Slayer,GOBLIN SLAYER,ゴブリンスレイヤー,TV,FINISHED,FALL,2018,12.0,24,Action|Adventure|Fantasy,71,304145,6940,JP,LIGHT_NOVEL,https://anilist.co/anime/101165,2026-09-26,GOBLIN SLAYER
164,Mononoke-hime,Princess Mononoke,もののけ姫,MOVIE,FINISHED,SUMMER,1997,1.0,134,Action|Adventure|Drama|Fantasy,85,303182,14838,JP,ORIGINAL,https://anilist.co/anime/164,2026-09-26,Princess Mononoke
114236,Enen no Shouboutai: Ni no Shou,Fire Force Season 2,炎炎ノ消防隊 弐ノ章,TV,FINISHED,SUMMER,2020,24.0,24,Action|Drama|Sci-Fi|Supernatural,78,301932,5601,JP,MANGA,https://anilist.co/anime/114236,2026-09-26,Fire Force Season 2
2167,CLANNAD,Clannad,ＣＬＡＮＮＡＤ -クラナド-,TV,FINISHED,FALL,2007,23.0,24,Comedy|Drama|Romance|Slice of Life|Supernatural,77,301365,7876,JP,VISUAL_NOVEL,https://anilist.co/anime/2167,2026-09-26,Clannad
102883,JoJo no Kimyou na Bouken: Ougon no Kaze,JoJo's Bizarre Adventure: Golden Wind,ジョジョの奇妙な冒険 黄金の風,TV,FINISHED,FALL,2018,39.0,24,Action|Adventure|Drama|Mystery|Supernatural,85,301128,19705,JP,MANGA,https://anilist.co/anime/102883,2026-09-26,JoJo's Bizarre Adventure: Golden Wind
116006,THE GOD OF HIGH SCHOOL,The God of High School,THE GOD OF HIGH SCHOOL ゴッド・オブ・ハイスクール,TV,FINISHED,SUMMER,2020,13.0,24,Action|Fantasy,69,299987,5839,JP,MANGA,https://anilist.co/anime/116006,2026-09-26,The God of High School
918,Gintama,Gintama,銀魂,TV,FINISHED,SPRING,2006,201.0,25,Action|Comedy|Drama|Sci-Fi,85,297227,16610,JP,MANGA,https://anilist.co/anime/918,2026-09-26,Gintama
6746,Durarara!!,Durarara!!,デュラララ!!,TV,FINISHED,WINTER,2010,24.0,24,Action|Mystery|Supernatural,79,294882,8679,JP,LIGHT_NOVEL,https://anilist.co/anime/6746,2026-09-26,Durarara!!
106625,Haikyuu!! TO THE TOP,HAIKYU!! TO THE TOP,ハイキュー!! TO THE TOP,TV,FINISHED,WINTER,2020,13.0,24,Comedy|Drama|Sports,83,294797,6907,JP,MANGA,https://anilist.co/anime/106625,2026-09-26,HAIKYU!! TO THE TOP
125367,Kaguya-sama wa Kokurasetai: Ultra Romantic,Kaguya-sama: Love is War -Ultra Romantic-,かぐや様は告らせたい-ウルトラロマンティック-,TV,FINISHED,SPRING,2022,13.0,24,Comedy|Psychological|Romance|Slice of Life,89,293483,15806,JP,MANGA,https://anilist.co/anime/125367,2026-09-26,Kaguya-sama: Love is War -Ultra Romantic-
20799,JoJo no Kimyou na Bouken: Stardust Crusaders - Egypt-hen,JoJo's Bizarre Adventure: Stardust Crusaders - Battle in Egypt,ジョジョの奇妙な冒険 スターダストクルセイダース エジプト編,TV,FINISHED,WINTER,2015,24.0,24,Action|Adventure|Drama|Supernatural,82,292205,12235,JP,MANGA,https://anilist.co/anime/20799,2026-09-26,JoJo's Bizarre Adventure: Stardust Crusaders - Battle in Egypt
20661,Zankyou no Terror,Terror in Resonance,残響のテロル,TV,FINISHED,SUMMER,2014,11.0,23,Drama|Mystery|Psychological|Thriller,78,292078,10079,JP,ORIGINAL,https://anilist.co/anime/20661,2026-09-26,Terror in Resonance
151801,MASHLE,MASHLE: MAGIC AND MUSCLES,マッシュル-MASHLE-,TV,FINISHED,SPRING,2023,12.0,24,Action|Comedy|Fantasy,76,290413,7469,JP,MANGA,https://anilist.co/anime/151801,2026-09-26,MASHLE: MAGIC AND MUSCLES
100182,Sword Art Online: Alicization,Sword Art Online: Alicization,ソードアート・オンライン アリシゼーション,TV,FINISHED,FALL,2018,24.0,24,Action|Adventure|Fantasy|Sci-Fi,75,290043,6956,JP,LIGHT_NOVEL,https://anilist.co/anime/100182,2026-09-26,Sword Art Online: Alicization
7054,Kaichou wa Maid-sama!,Maid-Sama!,会長はメイド様!,TV,FINISHED,SPRING,2010,26.0,24,Comedy|Drama|Romance,77,289177,9504,JP,MANGA,https://anilist.co/anime/7054,2026-09-26,Maid-Sama!
8074,Gakuen Mokushiroku: HIGHSCHOOL OF THE DEAD,High School of the Dead,学園黙示録HIGHSCHOOL OF THE DEAD,TV,FINISHED,SUMMER,2010,12.0,24,Action|Drama|Ecchi|Horror|Romance|Supernatural,67,287741,5169,JP,MANGA,https://anilist.co/anime/8074,2026-09-26,High School of the Dead
11771,Kuroko no Basket,Kuroko's Basketball,黒子のバスケ,TV,FINISHED,SPRING,2012,25.0,24,Comedy|Sports,78,287393,8846,JP,MANGA,https://anilist.co/anime/11771,2026-09-26,Kuroko's Basketball
99539,Nanatsu no Taizai: Imashime no Fukkatsu,The Seven Deadly Sins: Revival of the Commandments,七つの大罪 戒めの復活,TV,FINISHED,WINTER,2018,24.0,25,Action|Adventure|Comedy|Ecchi|Fantasy|Supernatural,73,287242,3570,JP,MANGA,https://anilist.co/anime/99539,2026-09-26,The Seven Deadly Sins: Revival of the Commandments
124845,Wonder Egg Priority,WONDER EGG PRIORITY,ワンダーエッグ・プライオリティ,TV,FINISHED,WINTER,2021,12.0,23,Action|Drama|Fantasy|Mystery|Psychological|Sci-Fi|Thriller,74,285703,7294,JP,ORIGINAL,https://anilist.co/anime/124845,2026-09-26,WONDER EGG PRIORITY
153288,Kaijuu 8-gou,Kaiju No. 8,怪獣８号,TV,FINISHED,SPRING,2024,12.0,24,Action|Sci-Fi,81,284315,9856,JP,MANGA,https://anilist.co/anime/153288,2026-09-26,Kaiju No. 8
141391,Yofukashi no Uta,Call of the Night,よふかしのうた,TV,FINISHED,SUMMER,2022,13.0,23,Comedy|Psychological|Romance|Slice of Life|Supernatural,79,283941,11224,JP,MANGA,https://anilist.co/anime/141391,2026-09-26,Call of the Night
523,Tonari no Totoro,My Neighbor Totoro,となりのトトロ,MOVIE,FINISHED,SPRING,1988,1.0,86,Adventure|Fantasy|Slice of Life|Supernatural,81,281555,8680,JP,ORIGINAL,https://anilist.co/anime/523,2026-09-26,My Neighbor Totoro
205,Samurai Champloo,Samurai Champloo,サムライチャンプルー,TV,FINISHED,SPRING,2004,26.0,24,Action|Adventure|Comedy,84,281332,16425,JP,ORIGINAL,https://anilist.co/anime/205,2026-09-26,Samurai Champloo
18153,Kyoukai no Kanata,Beyond the Boundary,境界の彼方,TV,FINISHED,FALL,2013,12.0,24,Action|Drama|Fantasy|Slice of Life|Supernatural,74,280592,6146,JP,LIGHT_NOVEL,https://anilist.co/anime/18153,2026-09-26,Beyond the Boundary
5680,K-ON!,K-ON!,けいおん!,TV,FINISHED,SPRING,2009,13.0,24,Comedy|Music|Slice of Life,78,280092,12616,JP,MANGA,https://anilist.co/anime/5680,2026-09-26,K-ON!
21613,Youjo Senki,Saga of Tanya the Evil,幼女戦記,TV,FINISHED,WINTER,2017,12.0,24,Action|Fantasy,78,280070,9759,JP,LIGHT_NOVEL,https://anilist.co/anime/21613,2026-09-26,Saga of Tanya the Evil
166240,Kimetsu no Yaiba: Hashira Geiko-hen,Demon Slayer: Kimetsu no Yaiba Hashira Training Arc,鬼滅の刃 柱稽古編,TV,FINISHED,SPRING,2024,8.0,30,Action|Adventure|Drama|Fantasy|Supernatural,79,278625,6236,JP,MANGA,https://anilist.co/anime/166240,2026-09-26,Demon Slayer: Kimetsu no Yaiba Hashira Training Arc
13759,Sakurasou no Pet na Kanojo,The Pet Girl of Sakurasou,さくら荘のペットな彼女,TV,FINISHED,FALL,2012,24.0,24,Comedy|Drama|Romance|Slice of Life,78,278118,8900,JP,LIGHT_NOVEL,https://anilist.co/anime/13759,2026-09-26,The Pet Girl of Sakurasou
20698,Yahari Ore no Seishun Love Come wa Machigatteiru. Zoku,My Teen Romantic Comedy SNAFU TOO!,やはり俺の青春ラブコメはまちがっている。続,TV,FINISHED,SPRING,2015,13.0,24,Comedy|Drama|Romance|Slice of Life,81,277657,8672,JP,LIGHT_NOVEL,https://anilist.co/anime/20698,2026-09-26,My Teen Romantic Comedy SNAFU TOO!
226,Elfen Lied,Elfen Lied,エルフェンリート,TV,FINISHED,SUMMER,2004,13.0,25,Action|Drama|Ecchi|Horror|Psychological|Romance|Supernatural,68,276798,6107,JP,MANGA,https://anilist.co/anime/226,2026-09-26,Elfen Lied
136430,VINLAND SAGA SEASON 2,Vinland Saga Season 2,ヴィンランド・サガ SEASON2,TV,FINISHED,WINTER,2023,24.0,26,Action|Adventure|Drama,88,276587,15523,JP,MANGA,https://anilist.co/anime/136430,2026-09-26,Vinland Saga Season 2
116742,Tensei Shitara Slime Datta Ken 2nd Season Part 2,That Time I Got Reincarnated as a Slime Season 2 Part 2,転生したらスライムだった件 第2期 第2クール,TV,FINISHED,SUMMER,2021,12.0,24,Action|Adventure|Comedy|Fantasy,82,271723,8156,JP,LIGHT_NOVEL,https://anilist.co/anime/116742,2026-09-26,That Time I Got Reincarnated as a Slime Season 2 Part 2
139630,Boku no Hero Academia 6,My Hero Academia Season 6,僕のヒーローアカデミア６,TV,FINISHED,FALL,2022,25.0,24,Action|Adventure,82,271339,6712,JP,MANGA,https://anilist.co/anime/139630,2026-09-26,My Hero Academia Season 6
18897,Nisekoi,Nisekoi,ニセコイ,TV,FINISHED,WINTER,2014,20.0,24,Comedy|Romance|Slice of Life,73,269078,5162,JP,MANGA,https://anilist.co/anime/18897,2026-09-26,Nisekoi
120697,"Ijiranaide, Nagatoro-san","DON'T TOY WITH ME, MISS NAGATORO",イジらないで、長瀞さん,TV,FINISHED,SPRING,2021,12.0,24,Comedy|Romance|Slice of Life,69,268639,5314,JP,MANGA,https://anilist.co/anime/120697,2026-09-26,"DON'T TOY WITH ME, MISS NAGATORO"
112301,"Maou Gakuin no Futekigousha: Shijou Saikyou no Maou no Shiso, Tensei shite Shison-tachi no Gakkou e Kayou",The Misfit of Demon King Academy: History’s Strongest Demon King Reincarnates and Goes to School with His Descendants,魔王学院の不適合者 ～史上最強の魔王の始祖、転生して子孫たちの学校へ通う～,TV,FINISHED,SUMMER,2020,13.0,24,Action|Comedy|Fantasy,72,268107,5977,JP,LIGHT_NOVEL,https://anilist.co/anime/112301,2026-09-26,The Misfit of Demon King Academy: History’s Strongest Demon King Reincarnates and Goes to School with His Descendants
98437,Overlord II,Overlord II,オーバーロードⅡ,TV,FINISHED,WINTER,2018,13.0,24,Action|Adventure|Fantasy,76,267282,4982,JP,LIGHT_NOVEL,https://anilist.co/anime/98437,2026-09-26,Overlord II
121,Hagane no Renkinjutsushi,Fullmetal Alchemist,鋼の錬金術師,TV,FINISHED,FALL,2003,51.0,25,Action|Adventure|Drama|Fantasy,79,267160,7636,JP,MANGA,https://anilist.co/anime/121,2026-09-26,Fullmetal Alchemist
130003,Bocchi the Rock!,BOCCHI THE ROCK!,ぼっち・ざ・ろっく！,TV,FINISHED,FALL,2022,12.0,24,Comedy|Music|Slice of Life,87,267135,28482,JP,MANGA,https://anilist.co/anime/130003,2026-09-26,BOCCHI THE ROCK!
17895,Golden Time,Golden Time,ゴールデンタイム,TV,FINISHED,FALL,2013,24.0,24,Drama|Romance,75,267108,7366,JP,LIGHT_NOVEL,https://anilist.co/anime/17895,2026-09-26,Golden Time
19603,Fate/stay night: Unlimited Blade Works,Fate/stay night: Unlimited Blade Works,Fate/stay night [Unlimited Blade Works],TV,FINISHED,FALL,2014,13.0,24,Action|Fantasy|Supernatural,80,266214,8727,JP,VISUAL_NOVEL,https://anilist.co/anime/19603,2026-09-26,Fate/stay night: Unlimited Blade Works
140439,Mob Psycho 100 III,Mob Psycho 100 III,モブサイコ100 Ⅲ,TV,FINISHED,FALL,2022,12.0,24,Action|Comedy|Drama|Psychological|Slice of Life|Supernatural,87,265697,12108,JP,MANGA,https://anilist.co/anime/140439,2026-09-26,Mob Psycho 100 III
146065,Mushoku Tensei II: Isekai Ittara Honki Dasu,Mushoku Tensei: Jobless Reincarnation Season 2,無職転生Ⅱ ～異世界行ったら本気だす～,TV,FINISHED,SUMMER,2023,13.0,24,Adventure|Drama|Ecchi|Fantasy,81,265140,8039,JP,LIGHT_NOVEL,https://anilist.co/anime/146065,2026-09-26,Mushoku Tensei: Jobless Reincarnation Season 2
145545,Youkoso Jitsuryoku Shijou Shugi no Kyoushitsu e 2nd Season,Classroom of the Elite Season 2,ようこそ実力至上主義の教室へ 2nd Season,TV,FINISHED,SUMMER,2022,13.0,24,Drama|Mystery|Psychological,78,262929,7064,JP,LIGHT_NOVEL,https://anilist.co/anime/145545,2026-09-26,Classroom of the Elite Season 2
14227,Tonari no Kaibutsu-kun,My Little Monster,となりの怪物くん,TV,FINISHED,FALL,2012,13.0,24,Comedy|Romance|Slice of Life,72,262592,4637,JP,MANGA,https://anilist.co/anime/14227,2026-09-26,My Little Monster
4898,Kuroshitsuji,Black Butler,黒執事,TV,FINISHED,FALL,2008,24.0,24,Action|Comedy|Fantasy|Mystery|Supernatural,72,261698,6398,JP,MANGA,https://anilist.co/anime/4898,2026-09-26,Black Butler
104157,Seishun Buta Yarou wa Yumemiru Shoujo no Yume wo Minai,Rascal Does Not Dream of a Dreaming Girl,青春ブタ野郎はゆめみる少女の夢を見ない,MOVIE,FINISHED,SPRING,2019,1.0,90,Drama|Psychological|Romance|Supernatural,84,261518,10414,JP,LIGHT_NOVEL,https://anilist.co/anime/104157,2026-09-26,Rascal Does Not Dream of a Dreaming Girl
172463,Jujutsu Kaisen: Shimetsu Kaiyuu - Zenpen,JUJUTSU KAISEN Season 3: The Culling Game Part 1,呪術廻戦 死滅回游 前編,TV,FINISHED,WINTER,2026,12.0,24,Action|Drama|Supernatural,86,261181,9963,JP,MANGA,https://anilist.co/anime/172463,2026-09-26,JUJUTSU KAISEN Season 3: The Culling Game Part 1
21518,Shokugeki no Souma: Ni no Sara,Food Wars! The Second Plate,食戟のソーマ 弍ノ皿,TV,FINISHED,SUMMER,2016,13.0,24,Comedy|Ecchi,78,261051,3338,JP,MANGA,https://anilist.co/anime/21518,2026-09-26,Food Wars! The Second Plate
21049,ReLIFE,ReLIFE,ReLIFE,ONA,FINISHED,SUMMER,2016,13.0,24,Comedy|Drama|Romance|Slice of Life,78,260547,6814,JP,MANGA,https://anilist.co/anime/21049,2026-09-26,ReLIFE
20458,Mahouka Koukou no Rettousei,The Irregular at Magic High School,魔法科高校の劣等生,TV,FINISHED,SPRING,2014,26.0,23,Action|Romance|Sci-Fi|Supernatural,70,260444,5480,JP,LIGHT_NOVEL,https://anilist.co/anime/20458,2026-09-26,The Irregular at Magic High School
813,Dragon Ball Z,Dragon Ball Z,ドラゴンボールZ,TV,FINISHED,SPRING,1989,291.0,24,Action|Adventure|Comedy|Fantasy|Supernatural,80,260162,15475,JP,MANGA,https://anilist.co/anime/813,2026-09-26,Dragon Ball Z
20872,Plastic Memories,Plastic Memories,プラスティックメモリーズ,TV,FINISHED,SPRING,2015,13.0,24,Drama|Romance|Sci-Fi|Slice of Life,77,259981,7354,JP,ORIGINAL,https://anilist.co/anime/20872,2026-09-26,Plastic Memories
107660,BEASTARS,BEASTARS,BEASTARS,TV,FINISHED,FALL,2019,12.0,23,Drama|Mystery|Psychological|Romance|Slice of Life,76,259114,7624,JP,MANGA,https://anilist.co/anime/107660,2026-09-26,BEASTARS
853,Ouran Koukou Host Club,Ouran High School Host Club,桜蘭高校ホスト部,TV,FINISHED,SPRING,2006,26.0,24,Comedy|Drama|Romance|Slice of Life,80,258736,14562,JP,MANGA,https://anilist.co/anime/853,2026-09-26,Ouran High School Host Club
178025,Gachiakuta,Gachiakuta,ガチアクタ,TV,FINISHED,SUMMER,2025,24.0,24,Action|Drama|Fantasy,82,258192,10900,JP,MANGA,https://anilist.co/anime/178025,2026-09-26,Gachiakuta
113538,Haikyuu!! TO THE TOP 2,HAIKYU!! TO THE TOP Part 2,ハイキュー!! TO THE TOP 2,TV,FINISHED,FALL,2020,12.0,24,Comedy|Drama|Sports,85,255878,7140,JP,MANGA,https://anilist.co/anime/113538,2026-09-26,HAIKYU!! TO THE TOP Part 2
32,"Shin Seiki Evangelion Movie: Air / Magokoro wo, Kimi ni",Neon Genesis Evangelion: The End of Evangelion,新世紀エヴァンゲリオン劇場版 Air/まごころを、君に,MOVIE,FINISHED,SUMMER,1997,1.0,87,Action|Drama|Mecha|Psychological|Sci-Fi,85,254439,19475,JP,ORIGINAL,https://anilist.co/anime/32,2026-09-26,Neon Genesis Evangelion: The End of Evangelion
339,serial experiments lain,Serial Experiments Lain,serial experiments lain,TV,FINISHED,SUMMER,1998,13.0,23,Drama|Mystery|Psychological|Sci-Fi|Supernatural,80,254135,15917,JP,ORIGINAL,https://anilist.co/anime/339,2026-09-26,Serial Experiments Lain
889,BLACK LAGOON,Black Lagoon,BLACK LAGOON,TV,FINISHED,SPRING,2006,12.0,24,Action|Adventure|Drama|Thriller,78,252996,9175,JP,MANGA,https://anilist.co/anime/889,2026-09-26,Black Lagoon
6045,Kimi ni Todoke,Kimi ni Todoke: From Me to You,君に届け,TV,FINISHED,FALL,2009,25.0,23,Comedy|Drama|Romance|Slice of Life,79,252001,8736,JP,MANGA,https://anilist.co/anime/6045,2026-09-26,Kimi ni Todoke: From Me to You
146984,Shingeki no Kyojin: The Final Season - Kanketsu-hen Zenpen,Attack on Titan Final Season THE FINAL CHAPTERS Special 1,進撃の巨人 The Final Season完結編 前編,SPECIAL,FINISHED,WINTER,2023,1.0,61,Action|Drama|Fantasy|Mystery|Psychological,87,251388,7115,JP,MANGA,https://anilist.co/anime/146984,2026-09-26,Attack on Titan Final Season THE FINAL CHAPTERS Special 1
1689,Byousoku 5 Centimeter,5 Centimeters per Second,秒速５センチメートル,MOVIE,FINISHED,WINTER,2007,3.0,22,Drama|Romance|Slice of Life,71,251060,4800,JP,ORIGINAL,https://anilist.co/anime/1689,2026-09-26,5 Centimeters per Second
6880,Deadman Wonderland,Deadman Wonderland,デッドマン・ワンダーランド,TV,FINISHED,SPRING,2011,12.0,24,Action|Drama|Sci-Fi|Supernatural,67,250616,3315,JP,MANGA,https://anilist.co/anime/6880,2026-09-26,Deadman Wonderland
20807,Prison School,Prison School,監獄学園〈プリズンスクール〉,TV,FINISHED,SUMMER,2015,12.0,24,Comedy|Ecchi,73,249182,5581,JP,MANGA,https://anilist.co/anime/20807,2026-09-26,Prison School
16782,Kotonoha no Niwa,The Garden of Words,言の葉の庭,MOVIE,FINISHED,SPRING,2013,1.0,46,Drama|Psychological|Romance|Slice of Life,75,248568,5246,JP,ORIGINAL,https://anilist.co/anime/16782,2026-09-26,The Garden of Words
15583,Date A Live,Date A Live,デート・ア・ライブ,TV,FINISHED,SPRING,2013,12.0,23,Action|Comedy|Ecchi|Fantasy|Mecha|Romance|Sci-Fi,68,247995,4960,JP,LIGHT_NOVEL,https://anilist.co/anime/15583,2026-09-26,Date A Live
116267,Tonikaku Kawaii,TONIKAWA: Over The Moon For You,トニカクカワイイ,TV,FINISHED,FALL,2020,12.0,24,Comedy|Romance|Slice of Life,77,247445,8038,JP,MANGA,https://anilist.co/anime/116267,2026-09-26,TONIKAWA: Over The Moon For You
101474,Overlord III,Overlord III,オーバーロードⅢ,TV,FINISHED,SUMMER,2018,13.0,24,Action|Adventure|Fantasy,77,247415,5601,JP,LIGHT_NOVEL,https://anilist.co/anime/101474,2026-09-26,Overlord III
111321,Tate no Yuusha no Nariagari Season 2,The Rising of the Shield Hero Season 2,盾の勇者の成り上がり Season 2,TV,FINISHED,SPRING,2022,13.0,24,Action|Adventure|Fantasy,65,246709,3719,JP,LIGHT_NOVEL,https://anilist.co/anime/111321,2026-09-26,The Rising of the Shield Hero Season 2
98436,Mahoutsukai no Yome,The Ancient Magus' Bride,魔法使いの嫁,TV,FINISHED,FALL,2017,24.0,25,Drama|Fantasy|Romance|Slice of Life|Supernatural,78,246703,7889,JP,MANGA,https://anilist.co/anime/98436,2026-09-26,The Ancient Magus' Bride
21092,Rakudai Kishi no Cavalry,Chivalry of a Failed Knight,落第騎士の英雄譚（キャバルリィ）,TV,FINISHED,FALL,2015,12.0,23,Action|Ecchi|Fantasy|Romance,72,246552,5883,JP,LIGHT_NOVEL,https://anilist.co/anime/21092,2026-09-26,Chivalry of a Failed Knight
437,PERFECT BLUE,Perfect Blue,PERFECT BLUE,MOVIE,FINISHED,WINTER,1998,1.0,82,Drama|Horror|Psychological|Thriller,85,246247,16898,JP,OTHER,https://anilist.co/anime/437,2026-09-26,Perfect Blue
20596,Ao Haru Ride,Blue Spring Ride,アオハライド,TV,FINISHED,SUMMER,2014,12.0,23,Drama|Romance|Slice of Life,75,245557,6695,JP,MANGA,https://anilist.co/anime/20596,2026-09-26,Blue Spring Ride
101167,Dungeon ni Deai wo Motomeru no wa Machigatteiru Darou ka II,Is It Wrong to Try to Pick Up Girls in a Dungeon? II,ダンジョンに出会いを求めるのは間違っているだろうかⅡ,TV,FINISHED,SUMMER,2019,12.0,24,Action|Adventure|Comedy|Fantasy|Romance,71,244932,3516,JP,LIGHT_NOVEL,https://anilist.co/anime/101167,2026-09-26,Is It Wrong to Try to Pick Up Girls in a Dungeon? II
21857,Masamune-kun no Revenge,Masamune-kun's Revenge,政宗くんのリベンジ,TV,FINISHED,WINTER,2017,12.0,24,Comedy|Romance|Slice of Life,66,244776,3186,JP,MANGA,https://anilist.co/anime/21857,2026-09-26,Masamune-kun's Revenge
102976,Kono Subarashii Sekai ni Shukufuku wo! Kurenai Densetsu,KONOSUBA -God's blessing on this wonderful world!- Legend of Crimson,この素晴らしい世界に祝福を！紅伝説,MOVIE,FINISHED,SUMMER,2019,1.0,90,Action|Adventure|Comedy|Ecchi|Fantasy|Supernatural,82,243514,6091,JP,LIGHT_NOVEL,https://anilist.co/anime/102976,2026-09-26,KONOSUBA -God's blessing on this wonderful world!- Legend of Crimson
11741,Fate/Zero 2nd Season,Fate/Zero Season 2,Fate/Zero 2ndシーズン,TV,FINISHED,SPRING,2012,12.0,24,Action|Drama|Fantasy|Supernatural,84,242964,9758,JP,LIGHT_NOVEL,https://anilist.co/anime/11741,2026-09-26,Fate/Zero Season 2
159831,Zom 100: Zombie ni Naru Made ni Shitai 100 no Koto,Zom 100: Bucket List of the Dead,ゾン100～ゾンビになるまでにしたい100のこと～,TV,FINISHED,SUMMER,2023,12.0,24,Action|Adventure|Comedy|Horror|Supernatural,76,242216,5762,JP,MANGA,https://anilist.co/anime/159831,2026-09-26,Zom 100: Bucket List of the Dead
10793,Guilty Crown,Guilty Crown,ギルティクラウン,TV,FINISHED,FALL,2011,22.0,24,Action|Drama|Mecha|Psychological|Romance|Sci-Fi,69,241895,5047,JP,ORIGINAL,https://anilist.co/anime/10793,2026-09-26,Guilty Crown
10165,Nichijou,Nichijou - My Ordinary Life,日常,TV,FINISHED,SPRING,2011,26.0,23,Comedy|Slice of Life,83,241536,12072,JP,MANGA,https://anilist.co/anime/10165,2026-09-26,Nichijou - My Ordinary Life
171627,Chainsaw Man: Reze-hen,Chainsaw Man – The Movie: Reze Arc,チェンソーマン レゼ篇,MOVIE,FINISHED,SUMMER,2025,1.0,100,Action|Drama|Horror|Romance|Supernatural,90,240347,18469,JP,MANGA,https://anilist.co/anime/171627,2026-09-26,Chainsaw Man – The Movie: Reze Arc
21679,Bungou Stray Dogs 2nd Season,Bungo Stray Dogs 2,文豪ストレイドッグス 第2シーズン,TV,FINISHED,FALL,2016,12.0,24,Action|Comedy|Mystery|Supernatural,81,239489,5600,JP,MANGA,https://anilist.co/anime/21679,2026-09-26,Bungo Stray Dogs 2
108463,Jibaku Shounen Hanako-kun,Toilet-bound Hanako-kun,地縛少年 花子くん,TV,FINISHED,WINTER,2020,12.0,24,Action|Comedy|Drama|Mystery|Supernatural,77,239374,10040,JP,MANGA,https://anilist.co/anime/108463,2026-09-26,Toilet-bound Hanako-kun
158927,SPY×FAMILY Season 2,SPY x FAMILY Season 2,SPY×FAMILY Season 2,TV,FINISHED,FALL,2023,12.0,24,Action|Comedy|Slice of Life|Supernatural,80,239221,4396,JP,MANGA,https://anilist.co/anime/158927,2026-09-26,SPY x FAMILY Season 2
17265,Log Horizon,Log Horizon,ログ・ホライズン,TV,FINISHED,FALL,2013,25.0,25,Action|Adventure|Fantasy,76,238494,5017,JP,LIGHT_NOVEL,https://anilist.co/anime/17265,2026-09-26,Log Horizon
102351,Tokyo Ghoul:re 2,Tokyo Ghoul:re 2,東京喰種-トーキョーグール-:re 2,TV,FINISHED,FALL,2018,12.0,24,Action|Horror|Mystery|Psychological|Supernatural,62,238251,3208,JP,MANGA,https://anilist.co/anime/102351,2026-09-26,Tokyo Ghoul:re 2
100876,Kakegurui ××,Kakegurui xx,賭ケグルイ××,TV,FINISHED,WINTER,2019,12.0,24,Drama|Mystery|Psychological,70,238122,2622,JP,MANGA,https://anilist.co/anime/100876,2026-09-26,Kakegurui xx
100922,Grand Blue,Grand Blue Dreaming,ぐらんぶる,TV,FINISHED,SUMMER,2018,12.0,24,Comedy|Slice of Life|Sports,82,236629,12772,JP,MANGA,https://anilist.co/anime/100922,2026-09-26,Grand Blue Dreaming
21647,orange,Orange,orange,TV,FINISHED,SUMMER,2016,13.0,24,Drama|Romance|Supernatural,75,236560,5600,JP,MANGA,https://anilist.co/anime/21647,2026-09-26,Orange
124153,SK∞,SK8 the Infinity,SK∞ エスケーエイト,TV,FINISHED,WINTER,2021,12.0,24,Action|Drama|Sports,79,235846,10886,JP,ORIGINAL,https://anilist.co/anime/124153,2026-09-26,SK8 the Infinity
223,Dragon Ball,Dragon Ball,ドラゴンボール,TV,FINISHED,WINTER,1986,153.0,25,Action|Adventure|Comedy|Fantasy|Sci-Fi|Supernatural,78,235193,9170,JP,MANGA,https://anilist.co/anime/223,2026-09-26,Dragon Ball
109261,Go-toubun no Hanayome ∬,The Quintessential Quintuplets 2,五等分の花嫁∬,TV,FINISHED,WINTER,2021,12.0,24,Comedy|Drama|Romance|Slice of Life,80,234417,8376,JP,MANGA,https://anilist.co/anime/109261,2026-09-26,The Quintessential Quintuplets 2
16592,Danganronpa: Kibou no Gakuen to Zetsubou no Koukousei - The Animation,Danganronpa: The Animation,ダンガンロンパ 希望の学園と絶望の高校生 The Animation,TV,FINISHED,SUMMER,2013,13.0,24,Horror|Mystery|Psychological|Sci-Fi|Thriller,69,233879,4152,JP,VIDEO_GAME,https://anilist.co/anime/16592,2026-09-26,Danganronpa: The Animation
14513,Magi: The labyrinth of magic,Magi: The Labyrinth of Magic,マギ The labyrinth of magic,TV,FINISHED,FALL,2012,25.0,24,Action|Adventure|Fantasy,78,233137,5446,JP,MANGA,https://anilist.co/anime/14513,2026-09-26,Magi: The Labyrinth of Magic
47,AKIRA,Akira,AKIRA,MOVIE,FINISHED,SUMMER,1988,1.0,125,Action|Adventure|Horror|Psychological|Sci-Fi|Supernatural,79,232475,8964,JP,MANGA,https://anilist.co/anime/47,2026-09-26,Akira
21709,Yuuri!!! on ICE,Yuri!!! on ICE,ユーリ!!! on ICE,TV,FINISHED,FALL,2016,12.0,24,Comedy|Drama|Sports,78,232250,10352,JP,ORIGINAL,https://anilist.co/anime/21709,2026-09-26,Yuri!!! on ICE
110349,GREAT PRETENDER,Great Pretender,GREAT PRETENDER,ONA,FINISHED,SPRING,2020,23.0,23,Action|Comedy|Drama|Thriller,81,231602,9119,JP,ORIGINAL,https://anilist.co/anime/110349,2026-09-26,Great Pretender
21875,No Game No Life Zero,"No Game, No Life Zero",ノーゲーム・ノーライフ ゼロ,MOVIE,FINISHED,SUMMER,2017,1.0,110,Action|Adventure|Drama|Fantasy|Romance,79,230865,6032,JP,LIGHT_NOVEL,https://anilist.co/anime/21875,2026-09-26,"No Game, No Life Zero"
100668,Arifureta Shokugyou de Sekai Saikyou,Arifureta: From Commonplace to World's Strongest,ありふれた職業で世界最強,TV,FINISHED,SUMMER,2019,13.0,24,Action|Adventure|Fantasy|Psychological,65,230853,6718,JP,LIGHT_NOVEL,https://anilist.co/anime/100668,2026-09-26,Arifureta: From Commonplace to World's Strongest
20727,Kekkai Sensen,Blood Blockade Battlefront,血界戦線,TV,FINISHED,SPRING,2015,12.0,25,Action|Comedy|Supernatural,74,230741,5592,JP,MANGA,https://anilist.co/anime/20727,2026-09-26,Blood Blockade Battlefront
99255,Shokugeki no Souma: San no Sara,Food Wars! The Third Plate,食戟のソーマ 餐ノ皿,TV,FINISHED,FALL,2017,12.0,24,Comedy|Ecchi,78,228341,2834,JP,MANGA,https://anilist.co/anime/99255,2026-09-26,Food Wars! The Third Plate
185660,Dandadan 2nd Season,DAN DA DAN Season 2,ダンダダン 第2期,TV,FINISHED,SUMMER,2025,12.0,24,Action|Comedy|Drama|Romance|Sci-Fi|Supernatural,83,228246,6176,JP,MANGA,https://anilist.co/anime/185660,2026-09-26,DAN DA DAN Season 2
147105,Tongari Boushi no Atelier,Witch Hat Atelier,とんがり帽子のアトリエ,ONA,FINISHED,SPRING,2026,13.0,24,Adventure|Drama|Fantasy,85,227550,11611,JP,MANGA,https://anilist.co/anime/147105,2026-09-26,Witch Hat Atelier
129201,Summer Time Render,Summer Time Rendering,サマータイムレンダ,TV,FINISHED,SPRING,2022,25.0,24,Action|Drama|Mystery|Supernatural|Thriller,83,227004,9748,JP,MANGA,https://anilist.co/anime/129201,2026-09-26,Summer Time Rendering
153518,Dungeon Meshi,Delicious in Dungeon,ダンジョン飯,TV,FINISHED,WINTER,2024,24.0,25,Adventure|Comedy|Fantasy,85,226960,14483,JP,MANGA,https://anilist.co/anime/153518,2026-09-26,Delicious in Dungeon
182255,Sousou no Frieren 2nd Season,Frieren: Beyond Journey’s End Season 2,葬送のフリーレン 第2期,TV,FINISHED,WINTER,2026,10.0,24,Adventure|Drama|Fantasy,88,226636,8915,JP,MANGA,https://anilist.co/anime/182255,2026-09-26,Frieren: Beyond Journey’s End Season 2
